rank,lat,lon,road,zone,composite_score,nearby_alerts_marapr2026,highway_type,road_speed_kmh,catchment_per_dir_km,aadt_normal,aadt_wartime,estimated_people_in_catchment,base_capacity,suggested_capacity,capacity_upgraded,upgrade_reason,alert_seconds
1,33.06041,35.23072,כביש הצפון,North border,0.5621,14686,primary,80,5.33,8000,800,12.5,20,20,no,,240
2,33.01583,35.17106,89,Standard,0.5565,16465,trunk,90,6.0,9000,900,14.0,20,20,no,,240
3,32.98698,35.14722,70,Standard,0.5374,16547,trunk,90,6.0,20000,2000,31.2,50,50,no,,240
5,32.96085,35.15463,70,Standard,0.5173,17553,trunk,90,7.5,20000,2000,39.0,50,50,no,,300
6,32.97825,35.0938,גדוד 21,Standard,0.5092,12425,trunk,90,6.0,13000,1300,20.3,30,30,no,,240
7,31.86148,34.89522,44,Standard,0.5046,51554,trunk,80,6.67,18000,1800,35.1,50,50,no,alerts>40K (+2 tiers),300
8,32.01663,34.92661,46,Standard,0.5,54758,trunk,90,7.5,4000,400,7.8,12,30,yes,alerts>40K (+2 tiers),300
9,32.03258,34.9551,444,Standard,0.4957,54291,primary,80,6.67,8000,800,15.6,20,50,yes,alerts>40K (+2 tiers),300
10,33.00261,35.28692,89,Standard,0.4947,16109,trunk,80,5.33,9000,900,14.0,20,20,no,,240
11,31.86866,34.74622,שדרות העצמאות,Standard,0.4929,39680,trunk,90,7.5,8000,800,15.6,20,30,yes,alerts>20K (+1 tier),300
12,32.06814,34.93277,כביש מכבית,Standard,0.4907,53735,motorway,90,7.5,8000,800,15.6,20,50,yes,alerts>40K (+2 tiers),300
13,31.25739,34.40389,232,Gaza envelope,0.4849,109,primary,90,6.0,7000,700,10.9,12,12,no,,240
14,31.80943,34.86972,3,Standard,0.4848,43621,trunk,90,7.5,30000,3000,58.5,50,50,no,alerts>40K (+2 tiers),300
15,32.98146,35.27361,854,Standard,0.4846,16750,primary,50,4.17,8000,800,15.6,20,20,no,,300
16,31.68051,34.60975,4,Standard,0.4826,12326,trunk,90,6.0,40000,4000,62.4,50,50,no,,240
17,32.09759,34.93396,ראש העין,Standard,0.4825,52844,primary,80,6.67,18000,1800,35.1,50,50,no,alerts>40K (+2 tiers),300
18,31.93083,34.92763,כביש חוצה ישראל,Standard,0.4821,52803,motorway,110,9.17,8000,800,15.6,20,50,yes,alerts>40K (+2 tiers),300
19,31.99181,34.85855,כביש ירושלים תל אביב,Standard,0.4811,52692,motorway,110,9.17,13000,1300,25.4,30,50,yes,alerts>40K (+2 tiers),300
20,32.95193,35.09089,גדוד 21,Standard,0.4809,12418,trunk,90,6.0,8000,800,12.5,20,20,no,,240
21,31.98647,34.95076,444,Standard,0.48,52565,primary,90,7.5,8000,800,15.6,20,50,yes,alerts>40K (+2 tiers),300
22,32.0668,34.90258,כביש מכבית,Standard,0.4798,52549,motorway,100,8.33,8000,800,15.6,20,50,yes,alerts>40K (+2 tiers),300
23,31.86108,34.71304,4,Standard,0.4755,34958,motorway,110,9.17,40000,4000,78.0,50,50,no,alerts>20K (+1 tier),300
24,33.05705,35.32919,כביש הצפון,North border,0.4742,9746,primary,80,5.33,8000,800,12.5,20,20,no,,240
26,31.30964,34.4902,241,Gaza envelope,0.4716,109,primary,80,5.33,8000,800,12.5,20,20,no,,240
27,31.89926,34.76249,42,Standard,0.47,41140,trunk,90,7.5,8000,800,15.6,20,50,yes,alerts>40K (+2 tiers),300
28,31.74148,34.64587,4,Standard,0.4671,18384,trunk,90,7.5,40000,4000,78.0,50,50,no,,300
29,32.11981,34.93939,444,Standard,0.4655,50975,primary,80,6.67,8000,800,15.6,20,50,yes,alerts>40K (+2 tiers),300
30,31.90034,34.73494,4,Standard,0.465,39021,motorway,110,9.17,40000,4000,78.0,50,50,no,alerts>20K (+1 tier),300
31,31.79509,34.68501,4,Standard,0.4618,25358,trunk,90,7.5,40000,4000,78.0,50,50,no,alerts>20K (+1 tier),300
32,31.71409,34.64351,232,Standard,0.4574,14851,primary,80,5.33,7000,700,10.9,12,12,no,,240
33,31.85984,34.95673,424,Standard,0.4553,49866,primary,80,6.67,8000,800,15.6,20,50,yes,alerts>40K (+2 tiers),300
34,32.01995,34.86071,412,Standard,0.4551,49846,primary,80,6.67,8000,800,15.6,20,50,yes,alerts>40K (+2 tiers),300
35,32.95786,35.26536,854,Standard,0.4549,15756,primary,80,6.67,8000,800,15.6,20,20,no,,300
36,31.69087,34.67899,3,Standard,0.4515,15658,trunk,90,6.0,30000,3000,46.8,50,50,no,,240
37,31.23149,34.35037,232,Gaza envelope,0.4512,0,primary,90,6.0,7000,700,10.9,12,12,no,,240
38,31.95189,34.95546,443,Standard,0.4511,49398,trunk,90,7.5,13000,1300,25.4,30,50,yes,alerts>40K (+2 tiers),300
39,31.89262,34.96483,431,Standard,0.451,49394,trunk,50,4.17,13000,1300,25.3,30,50,yes,alerts>40K (+2 tiers),300
40,32.90668,35.16857,70,Standard,0.4508,16845,trunk,90,7.5,20000,2000,39.0,50,50,no,,300
41,32.1214,34.88804,חוצה שומרון,Standard,0.4488,49150,motorway,100,8.33,8000,800,15.6,20,50,yes,alerts>40K (+2 tiers),300
42,31.70112,34.7106,3,Standard,0.4476,18705,trunk,90,7.5,30000,3000,58.5,50,50,no,,300
43,31.62693,34.58517,4,Standard,0.4462,3157,trunk,90,6.0,40000,4000,62.4,50,50,no,,240
45,31.31579,34.52636,234,Gaza envelope,0.4444,109,primary,80,5.33,8000,800,12.5,20,20,no,,240
46,32.06529,34.84479,כביש מכבית,Standard,0.4403,48224,motorway,100,8.33,8000,800,15.6,20,50,yes,alerts>40K (+2 tiers),300
47,31.76356,34.82792,כביש חוצה ישראל,Standard,0.4382,31956,motorway,110,9.17,8000,800,15.6,20,30,yes,alerts>20K (+1 tier),300
48,31.82874,34.6686,41,Standard,0.4379,25000,trunk,90,7.5,8000,800,15.6,20,30,yes,alerts>20K (+1 tier),300
49,32.15547,34.93688,531,Standard,0.4348,47623,motorway,100,8.33,8000,800,15.6,20,50,yes,alerts>40K (+2 tiers),300
50,32.91307,35.09619,עוקף עכו,Standard,0.4336,11993,trunk,90,7.5,8000,800,15.6,20,20,no,,300
51,33.01828,35.33984,89,Standard,0.4328,9934,trunk,50,3.33,9000,900,14.0,20,20,no,,240
52,31.44527,34.57219,25,Gaza envelope,0.4309,620,trunk,80,5.33,7000,700,10.9,12,12,no,,240
53,31.50966,34.58588,34,Gaza envelope,0.4286,1082,trunk,90,6.0,8500,850,13.3,20,20,no,,240
54,33.1114,35.57259,90,North border,0.4285,7954,trunk,90,6.0,9000,900,14.0,20,20,no,,240
55,32.91472,35.22629,85,Standard,0.4202,15064,trunk,90,7.5,15000,1500,29.2,30,30,no,,300
56,32.87698,35.17761,70,Standard,0.4169,16799,trunk,90,7.5,20000,2000,39.0,50,50,no,,300
57,32.12648,34.85975,כביש גהה,Standard,0.4168,45642,trunk,90,7.5,18000,1800,35.1,50,50,no,alerts>40K (+2 tiers),300
58,31.47034,34.59295,34,Gaza envelope,0.4145,620,trunk,90,6.0,8500,850,13.3,20,20,no,,240
59,32.97527,35.33861,864,Standard,0.4129,12417,primary,80,6.67,8000,800,15.6,20,20,no,,300
60,31.22312,34.50872,222,Gaza envelope,0.4103,0,primary,80,5.33,8000,800,12.5,20,20,no,,240
61,31.53523,34.61384,232,Gaza envelope,0.4066,1562,primary,80,5.33,7000,700,10.9,12,12,no,,240
62,31.9486,34.80306,431,Standard,0.4054,41374,motorway,100,8.33,8000,800,15.6,20,50,yes,alerts>40K (+2 tiers),300
63,33.0261,35.40521,89,Standard,0.3973,8054,trunk,60,4.0,9000,900,14.0,20,20,no,,240
64,33.04499,35.4276,899,Standard,0.397,6933,primary,80,5.33,3500,350,5.5,6,6,no,,240
65,31.42469,34.60171,25,Gaza envelope,0.3968,211,trunk,90,6.0,7000,700,10.9,12,12,no,,240
66,31.653,34.66405,35,Standard,0.3927,6017,trunk,90,6.0,11000,1100,17.2,20,20,no,,240
67,31.20849,34.2876,232,Gaza envelope,0.3926,0,primary,80,5.33,7000,700,10.9,12,12,no,,240
68,33.07267,35.5303,886,North border,0.3925,7109,primary,60,4.0,8000,800,12.5,20,20,no,,240
69,32.92466,35.29901,85,Standard,0.3881,13536,primary,80,6.67,8000,800,15.6,20,20,no,,300
70,32.90828,35.27578,784,Standard,0.3791,13370,primary,80,6.67,8000,800,15.6,20,20,no,,300
71,31.82584,34.95814,3,Standard,0.3786,40881,trunk,90,7.5,30000,3000,58.5,50,50,no,alerts>40K (+2 tiers),300
72,32.19266,34.90919,554,Standard,0.3785,41453,primary,80,6.67,8000,800,15.6,20,50,yes,alerts>40K (+2 tiers),300
73,31.31762,34.60265,241,Gaza envelope,0.3784,0,primary,80,5.33,8000,800,12.5,20,20,no,,240
74,31.99043,34.79803,4,Standard,0.3748,41043,motorway,100,8.33,40000,4000,78.0,50,50,no,alerts>40K (+2 tiers),300
75,31.74875,34.88079,383,Standard,0.368,28403,primary,80,6.67,8000,800,15.6,20,30,yes,alerts>20K (+1 tier),300
76,32.88962,35.25865,784,Standard,0.3666,13342,primary,80,6.67,4000,400,7.8,12,12,no,,300
77,33.0197,35.4405,89,Standard,0.3657,6850,trunk,90,7.5,9000,900,17.6,20,20,no,,300
78,33.0454,35.48964,886,Standard,0.3656,5993,primary,80,6.67,8000,800,15.6,20,20,no,,300
79,32.83996,35.11552,79,Standard,0.3645,13505,trunk,90,7.5,18000,1800,35.1,50,50,no,,300
80,32.8402,35.16247,70,Standard,0.363,14475,trunk,90,7.5,20000,2000,39.0,50,50,no,,300
81,31.57579,34.67754,352,Gaza envelope,0.357,2730,primary,80,5.33,8000,800,12.5,20,20,no,,240
82,31.9594,34.75889,איילון דרום,Standard,0.3567,34515,motorway,70,5.83,8000,800,15.6,20,30,yes,alerts>20K (+1 tier),300
83,32.21118,34.88385,כביש חיפה רעננה,Standard,0.3527,38631,trunk,90,7.5,8000,800,15.6,20,30,yes,alerts>20K (+1 tier),300
84,32.93669,35.37481,864,Standard,0.3492,11270,primary,80,6.67,8000,800,15.6,20,20,no,,300
85,32.02119,34.80573,השבעה,Standard,0.3475,38052,trunk,70,5.83,18000,1800,35.1,50,50,no,alerts>20K (+1 tier),300
86,31.34626,34.64342,25,Gaza envelope,0.3457,0,trunk,90,6.0,7000,700,10.9,12,12,no,,240
87,32.2298,34.9505,טארק עבד אל חי,Standard,0.3432,37587,primary,80,6.67,8000,800,15.6,20,30,yes,alerts>20K (+1 tier),300
88,32.98496,35.44306,866,Standard,0.3367,7595,primary,60,5.0,8000,800,15.6,20,20,no,,300
89,32.86495,35.25615,805,Standard,0.3365,12660,primary,80,6.67,4000,400,7.8,12,12,no,,300
90,31.64134,34.73393,35,Standard,0.3335,6284,trunk,90,6.0,11000,1100,17.2,20,20,no,,240
91,31.67842,34.7653,40,Standard,0.3334,10448,trunk,90,7.5,22000,2200,42.9,50,50,no,,300
92,32.83423,35.21687,781,Standard,0.3306,13745,primary,80,6.67,8000,800,15.6,20,20,no,,300
93,31.49421,34.69139,ארץ הביתרונות,Gaza envelope,0.3264,827,primary,80,5.33,8000,800,12.5,20,20,no,,240
94,31.81131,35.02971,כביש ירושלים תל אביב,Standard,0.3254,35641,trunk,90,7.5,13000,1300,25.4,30,50,yes,alerts>20K (+1 tier),300
95,32.81752,35.07755,שדרות ההסתדרות,Standard,0.3124,10161,trunk,90,7.5,18000,1800,35.1,50,50,no,,300
96,32.89917,35.3715,804,Standard,0.3114,11097,primary,80,6.67,8000,800,15.6,20,20,no,,300
97,32.84198,35.26131,784,Standard,0.3075,12248,primary,80,6.67,4000,400,7.8,12,12,no,,300
98,31.69811,34.8157,כביש חוצה ישראל,Standard,0.3052,13052,motorway,110,9.17,8000,800,15.6,20,20,no,,300
99,32.98889,35.48344,89,Standard,0.3023,5165,trunk,90,7.5,9000,900,17.6,20,20,no,,300
100,32.86205,35.29968,הגליל,Standard,0.3005,10887,primary,80,6.67,8000,800,15.6,20,20,no,,300
101,31.32963,34.69991,25,Gaza envelope,0.2976,789,primary,90,7.5,8000,800,15.6,20,20,no,,300
102,32.79927,35.10271,העצמאות,Standard,0.2968,10828,primary,80,6.67,13000,1300,25.4,30,30,no,,300
103,31.78693,35.01387,38,Standard,0.2963,32451,trunk,90,7.5,14000,1400,27.3,30,50,yes,alerts>20K (+1 tier),300
104,32.79903,35.14345,כביש חוצה ישראל,Standard,0.2955,11380,motorway,100,8.33,8000,800,15.6,20,20,no,,300
105,32.92179,35.41765,806,Standard,0.2903,8325,primary,80,6.67,8000,800,15.6,20,20,no,,300
106,31.1493,34.60686,222,Gaza envelope,0.2897,0,primary,90,7.5,8000,800,15.6,20,20,no,,300
107,31.59895,34.75393,40,Gaza envelope,0.2889,3183,trunk,50,4.17,22000,2200,42.9,50,50,no,,300
108,33.00299,35.56556,90,Standard,0.2885,4889,trunk,90,7.5,9000,900,17.6,20,20,no,,300
109,32.8048,35.054,נתיבי המפרץ,Standard,0.2857,8806,motorway,90,7.5,35000,3500,68.2,50,50,no,,300
110,31.38327,34.72069,264,Gaza envelope,0.2776,0,primary,80,6.67,8000,800,15.6,20,20,no,,300
111,31.44208,34.73386,293,Gaza envelope,0.2751,273,primary,60,5.0,4000,400,7.8,12,12,no,,300
112,32.86207,35.33649,804,Standard,0.2746,9612,primary,80,6.67,8000,800,15.6,20,20,no,,300
113,31.62023,34.76931,35,Standard,0.2736,3110,trunk,90,7.5,11000,1100,21.4,30,30,no,,300
114,32.04668,34.78355,איילון דרום,Standard,0.2694,29500,motorway,90,7.5,13000,1300,25.4,30,50,yes,alerts>20K (+1 tier),300
115,31.77691,35.04577,395,Standard,0.2645,28965,primary,80,6.67,8000,800,15.6,20,30,yes,alerts>20K (+1 tier),300
116,32.83053,34.96672,ההגנה,Standard,0.2605,4723,trunk,70,5.83,8000,800,15.6,20,20,no,,300
117,32.80251,35.25323,784,Standard,0.2582,10861,primary,80,6.67,8000,800,15.6,20,20,no,,300
118,32.78423,35.07705,דשנים,Standard,0.2579,8227,primary,80,6.67,4000,400,7.8,12,12,no,,300
119,32.20918,34.83571,איילון דרום,Standard,0.2567,28110,primary,80,6.67,8000,800,15.6,20,30,yes,alerts>20K (+1 tier),300
120,32.96769,35.55054,90,Standard,0.2557,4889,trunk,90,7.5,9000,900,17.6,20,20,no,,300
121,31.42211,34.75408,264,Gaza envelope,0.2536,273,primary,90,7.5,8000,800,15.6,20,20,no,,300
122,32.7896,35.02673,4,Standard,0.2511,7107,primary,80,6.67,4000,400,7.8,12,12,no,,300
123,31.27117,34.73814,25,Gaza envelope,0.2474,789,trunk,90,7.5,7000,700,13.7,20,20,no,,300
124,31.50595,34.78295,כביש חוצה ישראל,Gaza envelope,0.2468,1591,motorway,110,9.17,8000,800,15.6,20,20,no,,300
125,31.82447,35.12793,הראל,Standard,0.2452,26858,primary,80,6.67,8000,800,15.6,20,30,yes,alerts>20K (+1 tier),300
126,32.94526,35.5093,89,Standard,0.2436,4665,trunk,90,7.5,9000,900,17.6,20,20,no,,300
127,31.52805,34.79036,כביש חוצה ישראל,Gaza envelope,0.2421,1839,motorway,110,9.17,8000,800,15.6,20,20,no,,300
128,31.44007,34.7721,כביש חוצה ישראל,Gaza envelope,0.2389,273,motorway,110,9.17,8000,800,15.6,20,20,no,,300
129,32.76244,35.11946,כביש חוצה ישראל,Standard,0.2389,9128,motorway,100,8.33,8000,800,15.6,20,20,no,,300
130,31.36963,34.77829,310,Gaza envelope,0.2314,1062,primary,90,7.5,4000,400,7.8,12,12,no,,300
131,32.88118,35.42518,807,Standard,0.2244,5902,primary,80,6.67,8000,800,15.6,20,20,no,,300
132,31.42223,34.78851,325,Gaza envelope,0.2235,524,primary,80,6.67,8000,800,15.6,20,20,no,,300
133,31.59898,34.81294,כביש חוצה ישראל,Gaza envelope,0.2229,2062,motorway,110,9.17,8000,800,15.6,20,20,no,,300
134,32.90877,35.473,65,Standard,0.2215,4652,trunk,80,6.67,24000,2400,46.8,50,50,no,,300
135,32.77882,34.99367,אבא חושי,Standard,0.2191,5476,primary,80,6.67,8000,800,15.6,20,20,no,,300
136,31.34575,34.79056,40,Gaza envelope,0.2168,1062,trunk,90,7.5,22000,2200,42.9,50,50,no,,300
137,31.25352,34.76485,שדרות דוד טוביהו,Gaza envelope,0.2168,789,trunk,70,5.83,8000,800,15.6,20,20,no,,300
138,32.79253,34.95915,כביש החוף,Standard,0.2145,4303,trunk,70,5.83,8000,800,15.6,20,20,no,,300
139,32.76785,35.22805,784,Standard,0.2118,8545,primary,80,6.67,8000,800,15.6,20,20,no,,300
140,32.74876,35.07656,דרך העמקים,Standard,0.2094,7226,trunk,90,7.5,20000,2000,39.0,50,50,no,,300
141,31.74651,35.07828,386,Standard,0.2074,22712,primary,80,6.67,8000,800,15.6,20,30,yes,alerts>20K (+1 tier),300
142,32.9254,35.54377,90,Standard,0.2044,3926,trunk,90,7.5,9000,900,17.6,20,20,no,,300
143,32.26886,34.84313,כביש החוף,Standard,0.1981,21692,motorway,90,7.5,18000,1800,35.1,50,50,no,alerts>20K (+1 tier),300
144,31.68525,34.90946,353,Standard,0.1961,10069,primary,80,6.67,8000,800,15.6,20,20,no,,300
145,32.84316,35.39883,806,Standard,0.1905,5206,primary,80,6.67,8000,800,15.6,20,20,no,,300
146,32.73444,35.03934,672,Standard,0.1883,6778,primary,80,6.67,8000,800,15.6,20,20,no,,300
147,31.37162,34.82684,כביש חוצה ישראל,Gaza envelope,0.1859,1062,motorway,110,9.17,8000,800,15.6,20,20,no,,300
148,32.77254,35.28274,77,Standard,0.1843,7336,trunk,100,8.33,19000,1900,37.0,50,50,no,,300
149,31.30181,34.81865,40,Gaza envelope,0.1819,789,trunk,100,8.33,22000,2200,42.9,50,50,no,,300
150,32.7239,35.09936,דרך העמקים,Standard,0.1808,7226,trunk,90,7.5,8000,800,15.6,20,20,no,,300
151,32.86626,35.45605,65,Standard,0.1801,4044,trunk,90,7.5,24000,2400,46.8,50,50,no,,300
152,31.07752,34.69373,222,Gaza envelope,0.1794,0,primary,90,7.5,8000,800,15.6,20,20,no,,300
153,31.79472,35.16272,כביש ירושלים תל אביב,Standard,0.1769,19378,trunk,90,7.5,13000,1300,25.4,30,30,no,,300
154,32.31287,35.01273,כביש חוצה ישראל,Standard,0.1737,19020,motorway,120,10.0,8000,800,15.6,20,20,no,,300
155,31.25093,34.81975,אליהו נאוי,Gaza envelope,0.169,1014,trunk,90,7.5,13000,1300,25.4,30,30,no,,300
156,31.63394,34.87066,353,Standard,0.1675,2064,primary,80,6.67,8000,800,15.6,20,20,no,,300
157,32.84591,35.43364,65,Standard,0.1672,3872,trunk,90,7.5,24000,2400,46.8,50,50,no,,300
158,32.72495,35.00839,721,Standard,0.1664,5880,primary,60,5.0,8000,800,15.6,20,20,no,,300
159,32.74563,35.25454,79,Standard,0.1627,6742,trunk,90,7.5,18000,1800,35.1,50,50,no,,300
160,32.72927,35.20629,77,Standard,0.1603,6486,trunk,100,8.33,19000,1900,37.0,50,50,no,,300
161,31.68712,34.94661,38,Standard,0.1585,9768,primary,80,6.67,8000,800,15.6,20,20,no,,300
162,31.76438,35.15297,קלמן יעקב מן,Standard,0.1563,17117,primary,50,4.17,8000,800,15.6,20,20,no,,300
163,31.71856,35.10578,375,Standard,0.1547,16937,primary,80,6.67,4000,400,7.8,12,12,no,,300
164,32.71169,35.13011,דרך העמקים,Standard,0.154,6095,trunk,90,7.5,8000,800,15.6,20,20,no,,300
165,31.60692,34.89303,35,Standard,0.1518,2563,trunk,90,7.5,11000,1100,21.4,30,30,no,,300
166,31.22568,34.82874,40,Gaza envelope,0.1511,1014,trunk,100,8.33,22000,2200,42.9,50,50,no,,300
168,32.70628,35.16708,דרך העמקים,Standard,0.1457,6506,trunk,90,7.5,8000,800,15.6,20,20,no,,300
169,32.80878,35.39957,65,Standard,0.1448,3998,trunk,90,7.5,24000,2400,46.8,50,50,no,,300
170,31.16752,34.80461,40,Gaza envelope,0.1423,1014,trunk,90,7.5,22000,2200,42.9,50,50,no,,300
171,31.39125,34.87917,358,Gaza envelope,0.1411,1276,primary,90,7.5,8000,800,15.6,20,20,no,,300
173,32.90057,35.61115,87,Standard,0.1409,2007,trunk,80,6.67,8000,800,15.6,20,20,no,,300
174,30.93828,34.58878,211,Gaza envelope,0.1395,0,primary,90,7.5,8000,800,15.6,20,20,no,,300
175,30.90461,34.49691,211,Gaza envelope,0.138,0,primary,90,7.5,8000,800,15.6,20,20,no,,300
176,32.87232,35.54062,90,Standard,0.1335,1983,trunk,80,6.67,9000,900,17.6,20,20,no,,300
177,32.35022,35.00667,582,Standard,0.1322,14477,primary,90,7.5,8000,800,15.6,20,20,no,,300
178,30.8825,34.39305,primary,Gaza envelope,0.1253,0,primary,80,6.67,8000,800,15.6,20,20,no,,300
179,32.36079,34.86679,כביש החוף,Standard,0.1247,13656,motorway,90,7.5,8000,800,15.6,20,20,no,,300
180,31.32146,34.88618,31,Gaza envelope,0.1237,1062,trunk,70,5.83,6500,650,12.7,20,20,no,,300
181,31.69666,35.01068,עוקף בית שמש,Standard,0.121,12387,primary,70,5.83,4000,400,7.8,12,12,no,,300
182,32.68643,35.06666,672,Standard,0.1192,4929,primary,50,4.17,8000,800,15.6,20,20,no,,300
183,31.45936,34.91479,358,Standard,0.1189,1527,primary,80,6.67,8000,800,15.6,20,20,no,,300
184,32.70048,35.20778,דרך העמקים,Standard,0.1172,5140,trunk,80,6.67,14000,1400,27.3,30,30,no,,300
185,31.5361,34.92017,358,Standard,0.1165,1527,primary,80,6.67,4000,400,7.8,12,12,no,,300
186,32.8454,35.51626,90,Standard,0.1163,1983,trunk,80,6.67,9000,900,17.6,20,20,no,,300
187,32.38111,34.99238,581,Standard,0.1157,12669,primary,60,5.0,4000,400,7.8,12,12,no,,300
188,32.38041,34.90748,כביש חיפה רעננה,Standard,0.1149,12584,trunk,90,7.5,8000,800,15.6,20,20,no,,300
189,32.70974,34.95217,כביש החוף,Standard,0.1117,2891,primary,80,6.67,8000,800,15.6,20,20,no,,300
190,31.11922,34.81323,40,Gaza envelope,0.1101,1014,trunk,90,7.5,22000,2200,42.9,50,50,no,,300
191,30.95655,34.67235,211,Gaza envelope,0.1096,0,primary,90,7.5,8000,800,15.6,20,20,no,,300
192,32.75307,35.34331,754,Standard,0.1061,3495,primary,80,6.67,8000,800,15.6,20,20,no,,300
193,32.39689,34.92828,581,Standard,0.1058,11583,primary,60,5.0,4000,400,7.8,12,12,no,,300
194,32.395,34.87165,כביש החוף,Standard,0.103,11283,motorway,100,8.33,8000,800,15.6,20,20,no,,300
195,32.36165,35.02999,574,Standard,0.1019,11155,primary,80,6.67,8000,800,15.6,20,20,no,,300
196,31.31604,34.91218,60,Standard,0.1006,1287,trunk,90,7.5,16000,1600,31.2,50,50,no,,300
197,32.67418,35.10376,כביש חוצה ישראל,Standard,0.1002,4459,motorway,100,8.33,13000,1300,25.3,30,30,no,,300
198,32.76387,35.37519,77,Standard,0.0964,2598,trunk,90,7.5,19000,1900,37.1,50,50,no,,300
199,31.50673,34.94324,358,Standard,0.0946,1527,primary,80,6.67,8000,800,15.6,20,20,no,,300
201,32.3855,35.01922,כביש חוצה ישראל,Standard,0.0921,10091,motorway,120,10.0,13000,1300,25.4,30,30,no,,300
202,30.96492,34.71583,211,Gaza envelope,0.0875,0,primary,80,6.67,8000,800,15.6,20,20,no,,300
204,31.20745,34.89689,25,Gaza envelope,0.0836,1014,trunk,90,7.5,7000,700,13.7,20,20,no,,300
206,31.67529,35.03189,367,Standard,0.0819,8965,primary,80,6.67,8000,800,15.6,20,20,no,,300
208,32.72877,35.32292,79,Standard,0.076,2016,primary,80,6.67,8000,800,15.6,20,20,no,,300
209,32.39496,35.04624,574,Standard,0.0757,8287,primary,80,6.67,8000,800,15.6,20,20,no,,300
210,32.41182,35.01958,9,Standard,0.0753,8249,trunk,90,7.5,8000,800,15.6,20,20,no,,300
211,31.34204,34.93297,60,Standard,0.0751,273,trunk,90,7.5,16000,1600,31.2,50,50,no,,300
212,31.00948,34.7797,40,Gaza envelope,0.0704,0,trunk,90,7.5,22000,2200,42.9,50,50,no,,300
213,30.98717,34.76682,40,Gaza envelope,0.0663,0,trunk,80,6.67,22000,2200,42.9,50,50,no,,300
214,31.27477,34.94342,31,Standard,0.0642,1231,trunk,90,7.5,6500,650,12.7,20,20,no,,300
215,32.70875,35.30998,דרך הציונות,Standard,0.0608,2017,trunk,90,7.5,8000,800,15.6,20,20,no,,300
217,32.45118,34.8932,כביש החוף,Standard,0.0559,6118,motorway,90,7.5,8000,800,15.6,20,20,no,,300
219,32.75386,35.41108,65,Standard,0.0539,580,trunk,90,7.5,24000,2400,46.8,50,50,no,,300
220,32.45257,34.97321,65,Standard,0.0534,5851,trunk,90,7.5,24000,2400,46.8,50,50,no,,300
221,32.79894,35.52056,מנחם בגין,Standard,0.0531,348,trunk,90,7.5,8000,800,15.6,20,20,no,,300
222,31.06652,34.83841,40,Gaza envelope,0.0524,0,primary,90,7.5,8000,800,15.6,20,20,no,,300
223,32.43746,35.02462,574,Standard,0.0507,5557,primary,80,6.67,4000,400,7.8,12,12,no,,300
224,32.78596,35.49496,מנחם בגין,Standard,0.0503,348,trunk,90,7.5,19000,1900,37.1,50,50,no,,300
226,32.6423,35.05813,672,Standard,0.0472,2419,primary,80,6.67,8000,800,15.6,20,20,no,,300
227,32.66137,35.23909,73,Standard,0.0382,2013,trunk,90,7.5,8000,800,15.6,20,20,no,,300
228,32.47901,34.95591,הים,Standard,0.0357,3911,primary,80,6.67,8000,800,15.6,20,20,no,,300
230,32.45671,35.04691,האחווה,Standard,0.0298,3267,primary,50,4.17,8000,800,15.6,20,20,no,,300
231,32.50474,34.91422,כביש החוף,Standard,0.027,2956,motorway,110,9.17,8000,800,15.6,20,20,no,,300
233,32.67574,35.29197,60,Standard,0.0263,1122,trunk,90,7.5,16000,1600,31.2,50,50,no,,300
235,32.48213,35.03479,כביש חוצה ישראל,Standard,0.0243,2660,motorway,110,9.17,8000,800,15.6,20,20,no,,300
236,32.64337,34.95866,כביש חיפה רעננה,Standard,0.0213,662,trunk,90,7.5,8000,800,15.6,20,20,no,,300
238,30.93868,34.78511,40,Gaza envelope,0.0191,0,trunk,90,7.5,22000,2200,42.9,50,50,no,,300
240,31.1853,34.95695,25,Standard,0.0163,442,trunk,90,7.5,7000,700,13.7,20,20,no,,300
241,32.5173,34.99246,654,Standard,0.0161,1768,primary,80,6.67,8000,800,15.6,20,20,no,,300
242,32.77382,35.54631,שדרות אליעזר קפלן,Standard,0.0144,0,trunk,60,5.0,8000,800,15.6,20,20,no,,300
244,31.31285,34.99488,316,Standard,0.0126,217,primary,80,6.67,8000,800,15.6,20,20,no,,300
248,32.61908,35.05488,כביש חוצה ישראל,Standard,0.01,1099,motorway,120,10.0,8000,800,15.6,20,20,no,,300
249,32.53646,34.92907,כביש חיפה רעננה,Standard,0.008,881,trunk,90,7.5,8000,800,15.6,20,20,no,,300
250,31.25485,35.21055,31,Standard,0.0069,753,trunk,90,7.5,6500,650,12.7,20,20,no,,300
251,31.29801,35.13199,80,Standard,0.0069,753,trunk,90,7.5,8000,800,15.6,20,20,no,,300
252,32.56323,34.95873,652,Standard,0.0054,587,primary,80,6.67,4000,400,7.8,12,12,no,,300
253,32.52426,35.02544,653,Standard,0.0054,587,primary,80,6.67,8000,800,15.6,20,20,no,,300
254,31.2012,35.35995,דרך ים המלח,Standard,0.0049,536,trunk,90,7.5,8000,800,15.6,20,20,no,,300
255,31.19194,35.28031,31,Standard,0.0049,536,trunk,90,7.5,6500,650,12.7,20,20,no,,300
256,31.25015,35.36307,דרך ים המלח,Standard,0.0049,536,trunk,80,6.67,8000,800,15.6,20,20,no,,300
257,32.5864,35.43541,717,Standard,0.0047,510,primary,80,6.67,8000,800,15.6,20,20,no,,300
258,31.25249,35.12599,80,Standard,0.0046,500,trunk,90,7.5,8000,800,15.6,20,20,no,,300
259,31.2344,35.10819,80,Standard,0.0046,500,trunk,90,7.5,4000,400,7.8,12,12,no,,300
260,31.2565,35.09862,31,Standard,0.0046,500,trunk,90,7.5,6500,650,12.7,20,20,no,,300
261,31.16767,35.04596,80,Standard,0.004,442,trunk,90,7.5,8000,800,15.6,20,20,no,,300
262,31.26291,35.02142,31,Standard,0.004,442,trunk,90,7.5,6500,650,12.7,20,20,no,,300
263,31.15683,34.995,80,Standard,0.004,442,trunk,90,7.5,8000,800,15.6,20,20,no,,300
264,32.60198,35.08464,672,Standard,0.004,440,primary,80,6.67,8000,800,15.6,20,20,no,,300
265,32.71782,35.43847,דרך המושבות,Standard,0.0036,232,primary,80,6.67,4000,400,7.8,12,12,no,,300
266,30.61281,34.85762,40,Gaza envelope,0.0026,284,trunk,80,6.67,22000,2200,42.9,50,50,no,,300
267,30.62719,34.80473,40,Gaza envelope,0.0026,284,trunk,90,7.5,22000,2200,42.9,50,50,no,,300
268,30.6616,34.80929,40,Gaza envelope,0.0026,284,trunk,90,7.5,22000,2200,42.9,50,50,no,,300
269,30.5665,34.90431,40,Standard,0.0026,284,trunk,80,6.67,22000,2200,42.9,50,50,no,,300
270,30.72685,34.77465,40,Gaza envelope,0.0026,284,trunk,90,7.5,22000,2200,42.9,50,50,no,,300
271,31.14917,35.22181,258,Standard,0.0026,283,primary,80,6.67,8000,800,15.6,20,20,no,,300
273,31.31343,35.38376,דרך ים המלח,Standard,0.0023,253,trunk,80,6.67,8000,800,15.6,20,20,no,,300
274,32.6126,35.54892,90,Standard,0.0021,232,trunk,80,6.67,9000,900,17.6,20,20,no,,300
275,32.70236,35.41203,65,Standard,0.0021,232,trunk,80,6.67,24000,2400,46.8,50,50,no,,300
276,32.66478,35.39644,65,Standard,0.0021,232,trunk,80,6.67,24000,2400,46.8,50,50,no,,300
277,32.59074,35.2921,60,Standard,0.0021,232,primary,80,6.67,16000,1600,31.2,50,50,no,,300
278,32.64101,35.32434,כביש עוקף עפולה מזרח,Standard,0.0021,232,trunk,90,7.5,8000,800,15.6,20,20,no,,300
279,32.56021,35.35378,675,Standard,0.0021,232,primary,80,6.67,8000,800,15.6,20,20,no,,300
280,32.5798,35.39895,716,Standard,0.0021,232,primary,80,6.67,4000,400,7.8,12,12,no,,300
281,32.63534,35.39574,716,Standard,0.0021,232,primary,80,6.67,8000,800,15.6,20,20,no,,300
282,32.71608,35.46579,דרך המושבות,Standard,0.0021,232,primary,80,6.67,4000,400,7.8,12,12,no,,300
283,31.12478,35.01084,25,Standard,0.0021,225,trunk,90,7.5,7000,700,13.7,20,20,no,,300
285,32.55248,35.0312,כביש חוצה ישראל,Standard,0.0,0,motorway,110,9.17,8000,800,15.6,20,20,no,,300
286,32.58001,35.04577,כביש חוצה ישראל,Standard,0.0,0,motorway,110,9.17,8000,800,15.6,20,20,no,,300
287,32.61043,34.92748,כביש החוף,Standard,0.0,0,motorway,110,9.17,8000,800,15.6,20,20,no,,300
288,32.58656,34.92636,כביש החוף,Standard,0.0,0,motorway,90,7.5,8000,800,15.6,20,20,no,,300
290,32.74157,35.56785,90,Standard,0.0,0,trunk,80,6.67,9000,900,17.6,20,20,no,,300
291,31.14138,35.36025,90,Standard,0.0,0,trunk,60,5.0,9000,900,17.6,20,20,no,,300
292,29.5441,34.95027,90,Standard,0.0,0,trunk,70,5.83,9000,900,17.6,20,20,no,,300
293,32.70484,35.58641,90,Standard,0.0,0,trunk,90,7.5,4000,400,7.8,12,12,no,,300
295,32.67837,35.5805,90,Standard,0.0,0,trunk,80,6.67,9000,900,17.6,20,20,no,,300
296,29.57788,34.96757,הערבה,Standard,0.0,0,trunk,90,7.5,8000,800,15.6,20,20,no,,300
297,29.60913,34.98382,הערבה,Standard,0.0,0,trunk,30,2.5,8000,800,15.6,20,20,no,,300
300,29.76344,35.01411,הערבה,Standard,0.0,0,trunk,90,7.5,8000,800,15.6,20,20,no,,300
303,30.28384,34.99975,40,Standard,0.0,0,trunk,80,6.67,22000,2200,42.9,50,50,no,,300
304,30.81704,34.75609,40,Gaza envelope,0.0,0,trunk,90,7.5,22000,2200,42.9,50,50,no,,300
305,30.78002,34.76921,40,Gaza envelope,0.0,0,trunk,90,7.5,22000,2200,42.9,50,50,no,,300
310,30.04781,35.01047,12,Standard,0.0,0,trunk,80,6.67,8000,800,15.6,20,20,no,,300
311,31.05359,35.03088,25,Standard,0.0,0,trunk,90,7.5,7000,700,13.7,20,20,no,,300
312,31.06829,35.00661,25,Standard,0.0,0,primary,90,7.5,4000,400,7.8,12,12,no,,300
317,29.83364,35.02882,הערבה,Standard,0.0,0,trunk,90,7.5,8000,800,15.6,20,20,no,,300
318,29.63183,34.88065,כביש הגבול המערבי,Gaza envelope,0.0,0,trunk,80,6.67,8000,800,15.6,20,20,no,,300
319,29.77754,35.05858,Jordan Valley Highway,Standard,0.0,0,trunk,100,8.33,24000,2400,46.8,50,50,no,,300
320,30.13754,35.138,הערבה,Standard,0.0,0,trunk,90,7.5,8000,800,15.6,20,20,no,,300
322,29.84431,34.83819,12,Gaza envelope,0.0,0,trunk,80,6.67,8000,800,15.6,20,20,no,,300
324,30.48576,34.93315,40,Standard,0.0,0,trunk,80,6.67,22000,2200,42.9,50,50,no,,300
330,29.94978,34.91844,12,Standard,0.0,0,trunk,80,6.67,8000,800,15.6,20,20,no,,300
331,29.96941,35.06507,הערבה,Standard,0.0,0,trunk,70,5.83,8000,800,15.6,20,20,no,,300
333,30.26971,35.13539,הערבה,Standard,0.0,0,trunk,90,7.5,8000,800,15.6,20,20,no,,300
334,29.73907,34.85312,כביש הגבול המערבי,Gaza envelope,0.0,0,trunk,80,6.67,8000,800,15.6,20,20,no,,300
335,31.03923,35.16624,25,Standard,0.0,0,trunk,90,7.5,7000,700,13.7,20,20,no,,300
336,29.70652,34.99732,הערבה,Standard,0.0,0,trunk,90,7.5,8000,800,15.6,20,20,no,,300
337,30.37038,34.96243,40,Standard,0.0,0,trunk,90,7.5,22000,2200,42.9,50,50,no,,300
338,30.16144,35.01743,40,Standard,0.0,0,trunk,90,7.5,22000,2200,42.9,50,50,no,,300
343,31.07234,35.3971,90,Standard,0.0,0,trunk,80,6.67,9000,900,17.6,20,20,no,,300
345,29.89666,35.06371,הערבה,Standard,0.0,0,trunk,90,7.5,8000,800,15.6,20,20,no,,300
346,30.05335,35.11309,הערבה,Standard,0.0,0,trunk,90,7.5,8000,800,15.6,20,20,no,,300
347,30.87527,34.78662,40,Gaza envelope,0.0,0,trunk,90,7.5,22000,2200,42.9,50,50,no,,300
350,32.5894,34.98374,ואדי מילק,Standard,0.0,0,trunk,100,8.33,8000,800,15.6,20,20,no,,300
357,29.90423,34.86291,12,Gaza envelope,0.0,0,trunk,80,6.67,8000,800,15.6,20,20,no,,300
358,30.00362,34.9552,12,Standard,0.0,0,trunk,80,6.67,8000,800,15.6,20,20,no,,300
361,29.65814,34.99038,הערבה,Standard,0.0,0,trunk,90,7.5,8000,800,15.6,20,20,no,,300
363,30.20251,35.13549,הערבה,Standard,0.0,0,trunk,90,7.5,8000,800,15.6,20,20,no,,300
365,29.72945,35.03561,Jordan Valley Highway,Standard,0.0,0,trunk,100,8.33,24000,2400,46.8,50,50,no,,300
366,30.29091,35.09632,13,Standard,0.0,0,trunk,90,7.5,8000,800,15.6,20,20,no,,300
367,30.9957,34.92368,204,Standard,0.0,0,primary,80,6.67,8000,800,15.6,20,20,no,,300
368,32.57236,35.07668,672,Standard,0.0,0,primary,80,6.67,8000,800,15.6,20,20,no,,300
369,32.56674,35.26239,675,Standard,0.0,0,primary,80,6.67,8000,800,15.6,20,20,no,,300
370,30.91157,34.84372,204,Gaza envelope,0.0,0,primary,80,6.67,8000,800,15.6,20,20,no,,300
371,29.55534,34.91334,דרך החוגגים,Standard,0.0,0,trunk,80,6.67,8000,800,15.6,20,20,no,,300
374,32.59429,35.18035,66,Standard,0.0,0,trunk,60,5.0,8000,800,15.6,20,20,no,,300
375,31.00401,35.27512,מעלה תמר,Standard,0.0,0,trunk,80,6.67,8000,800,15.6,20,20,no,,300
377,30.92485,35.02487,206,Standard,0.0,0,primary,80,6.67,8000,800,15.6,20,20,no,,300
378,32.71419,35.54642,767,Standard,0.0,0,primary,80,6.67,8000,800,15.6,20,20,no,,300
380,30.93723,35.11694,227,Standard,0.0,0,primary,80,6.67,8000,800,15.6,20,20,no,,300
381,30.95248,35.01187,225,Standard,0.0,0,primary,50,4.17,4000,400,7.8,12,12,no,,300
382,31.01151,35.07848,206,Standard,0.0,0,primary,80,6.67,8000,800,15.6,20,20,no,,300
383,30.88774,35.13939,227,Standard,0.0,0,primary,80,6.67,8000,800,15.6,20,20,no,,300
384,30.9633,35.04934,227,Standard,0.0,0,primary,80,6.67,8000,800,15.6,20,20,no,,300
385,31.08317,35.21114,258,Standard,0.0,0,primary,80,6.67,8000,800,15.6,20,20,no,,300
