rank,lat,lon,road,zone,composite_score,nearby_alerts_marapr2026,matched_route,matched_highway_type,road_speed_kmh,catchment_per_dir_km,aadt_normal,aadt_wartime,estimated_people_in_catchment,suggested_capacity,alert_seconds,lanes_weight,nearest_seg_dist_km
1,33.06041,35.23072,כביש הצפון,north,0.5621,14686,כביש הצפון,primary,80,5.33,8000,800,12.5,12,240,1.5,0.19
2,33.01583,35.17106,89,standard,0.5565,16465,89,trunk,90,6.0,9000,900,14.0,12,240,1.5,0.01
3,32.98698,35.14722,70,standard,0.5374,16547,70,trunk,90,6.0,20000,2000,31.2,30,240,1.5,0.0
5,32.96085,35.15463,70,standard,0.5173,17553,70,trunk,90,7.5,20000,2000,39.0,30,300,1.5,0.02
6,32.97825,35.0938,גדוד 21,standard,0.5092,12425,גדוד 21,trunk,90,6.0,13000,1300,20.3,20,240,2.0,0.0
7,31.86148,34.89522,44,standard,0.5046,51554,44,trunk,80,6.67,18000,1800,35.1,30,300,1.5,0.07
8,32.01663,34.92661,46,standard,0.5,54758,46,trunk,90,7.5,4000,400,7.8,6,300,1.0,0.48
9,32.03258,34.9551,444,standard,0.4957,54291,444,primary,80,6.67,8000,800,15.6,12,300,1.5,0.0
10,33.00261,35.28692,89,standard,0.4947,16109,89,trunk,80,5.33,9000,900,14.0,12,240,1.5,0.05
11,31.86866,34.74622,שדרות העצמאות,standard,0.4929,39680,שדרות העצמאות,trunk,90,7.5,8000,800,15.6,12,300,1.5,0.0
12,32.06814,34.93277,כביש מכבית,standard,0.4907,53735,כביש מכבית,motorway,90,7.5,8000,800,15.6,12,300,2.0,0.02
13,31.25739,34.40389,232,gaza,0.4849,109,232,primary,90,6.0,7000,700,10.9,12,240,1.5,0.02
14,31.80943,34.86972,3,standard,0.4848,43621,3,trunk,90,7.5,30000,3000,58.5,50,300,1.5,0.02
15,32.98146,35.27361,854,standard,0.4846,16750,854,primary,50,4.17,8000,800,15.6,12,300,1.5,0.08
16,31.68051,34.60975,4,standard,0.4826,12326,4,trunk,90,6.0,40000,4000,62.4,50,240,2.0,0.01
17,32.09759,34.93396,ראש העין,standard,0.4825,52844,ראש העין,primary,80,6.67,18000,1800,35.1,30,300,2.5,0.0
18,31.93083,34.92763,כביש חוצה ישראל,standard,0.4821,52803,כביש חוצה ישראל,motorway,110,9.17,8000,800,15.6,12,300,1.5,0.41
19,31.99181,34.85855,כביש ירושלים תל אביב,standard,0.4811,52692,כביש ירושלים תל אביב,motorway,110,9.17,13000,1300,25.4,30,300,2.0,0.03
20,32.95193,35.09089,גדוד 21,standard,0.4809,12418,גדוד 21,trunk,90,6.0,8000,800,12.5,12,240,1.5,0.02
21,31.98647,34.95076,444,standard,0.48,52565,444,primary,90,7.5,8000,800,15.6,12,300,1.5,0.1
22,32.0668,34.90258,כביש מכבית,standard,0.4798,52549,כביש מכבית,motorway,100,8.33,8000,800,15.6,12,300,2.0,0.05
23,31.86108,34.71304,4,standard,0.4755,34958,4,motorway,110,9.17,40000,4000,78.0,50,300,2.0,0.21
24,33.05705,35.32919,כביש הצפון,north,0.4742,9746,כביש הצפון,primary,80,5.33,8000,800,12.5,12,240,1.5,1.82
26,31.30964,34.4902,241,gaza,0.4716,109,241,primary,80,5.33,8000,800,12.5,12,240,1.5,0.1
27,31.89926,34.76249,42,standard,0.47,41140,42,trunk,90,7.5,8000,800,15.6,12,300,1.5,0.0
28,31.74148,34.64587,4,standard,0.4671,18384,4,trunk,90,7.5,40000,4000,78.0,50,300,2.0,0.05
29,32.11981,34.93939,444,standard,0.4655,50975,444,primary,80,6.67,8000,800,15.6,12,300,1.5,0.02
30,31.90034,34.73494,4,standard,0.465,39021,4,motorway,110,9.17,40000,4000,78.0,50,300,2.0,0.72
31,31.79509,34.68501,4,standard,0.4618,25358,4,trunk,90,7.5,40000,4000,78.0,50,300,2.0,0.02
32,31.71409,34.64351,232,standard,0.4574,14851,232,primary,80,5.33,7000,700,10.9,12,240,1.5,0.03
33,31.85984,34.95673,424,standard,0.4553,49866,424,primary,80,6.67,8000,800,15.6,12,300,1.0,0.04
34,32.01995,34.86071,412,standard,0.4551,49846,412,primary,80,6.67,8000,800,15.6,12,300,1.5,0.02
35,32.95786,35.26536,854,standard,0.4549,15756,854,primary,80,6.67,8000,800,15.6,12,300,1.5,0.82
36,31.69087,34.67899,3,standard,0.4515,15658,3,trunk,90,6.0,30000,3000,46.8,50,240,1.5,0.01
37,31.23149,34.35037,232,gaza,0.4512,0,232,primary,90,6.0,7000,700,10.9,12,240,1.5,0.1
38,31.95189,34.95546,443,standard,0.4511,49398,443,trunk,90,7.5,13000,1300,25.4,30,300,1.5,0.05
39,31.89262,34.96483,431,standard,0.451,49394,431,trunk,50,4.17,13000,1300,25.3,30,300,1.5,0.09
40,32.90668,35.16857,70,standard,0.4508,16845,70,trunk,90,7.5,20000,2000,39.0,30,300,1.5,0.02
41,32.1214,34.88804,חוצה שומרון,standard,0.4488,49150,חוצה שומרון,motorway,100,8.33,8000,800,15.6,12,300,2.5,0.03
42,31.70112,34.7106,3,standard,0.4476,18705,3,trunk,90,7.5,30000,3000,58.5,50,300,1.5,0.03
43,31.62693,34.58517,4,standard,0.4462,3157,4,trunk,90,6.0,40000,4000,62.4,50,240,2.0,0.06
45,31.31579,34.52636,234,gaza,0.4444,109,234,primary,80,5.33,8000,800,12.5,12,240,1.0,0.05
46,32.06529,34.84479,כביש מכבית,standard,0.4403,48224,כביש מכבית,motorway,100,8.33,8000,800,15.6,12,300,2.0,0.04
47,31.76356,34.82792,כביש חוצה ישראל,standard,0.4382,31956,כביש חוצה ישראל,motorway,110,9.17,8000,800,15.6,12,300,1.5,0.0
48,31.82874,34.6686,41,standard,0.4379,25000,41,trunk,90,7.5,8000,800,15.6,12,300,1.5,0.0
49,32.15547,34.93688,531,standard,0.4348,47623,531,motorway,100,8.33,8000,800,15.6,12,300,1.5,0.0
50,32.91307,35.09619,עוקף עכו,standard,0.4336,11993,עוקף עכו,trunk,90,7.5,8000,800,15.6,12,300,1.5,0.05
51,33.01828,35.33984,89,standard,0.4328,9934,89,trunk,50,3.33,9000,900,14.0,12,240,1.5,0.02
52,31.44527,34.57219,25,gaza,0.4309,620,25,trunk,80,5.33,7000,700,10.9,12,240,1.5,0.04
53,31.50966,34.58588,34,gaza,0.4286,1082,34,trunk,90,6.0,8500,850,13.3,12,240,1.5,0.06
54,33.1114,35.57259,90,north,0.4285,7954,90,trunk,90,6.0,9000,900,14.0,12,240,1.5,3.04
55,32.91472,35.22629,85,standard,0.4202,15064,85,trunk,90,7.5,15000,1500,29.2,30,300,1.5,1.21
56,32.87698,35.17761,70,standard,0.4169,16799,70,trunk,90,7.5,20000,2000,39.0,30,300,1.5,0.01
57,32.12648,34.85975,כביש גהה,standard,0.4168,45642,כביש גהה,trunk,90,7.5,18000,1800,35.1,30,300,2.0,0.08
58,31.47034,34.59295,34,gaza,0.4145,620,34,trunk,90,6.0,8500,850,13.3,12,240,1.5,1.0
59,32.97527,35.33861,864,standard,0.4129,12417,864,primary,80,6.67,8000,800,15.6,12,300,1.5,0.31
60,31.22312,34.50872,222,gaza,0.4103,0,234,primary,80,5.33,8000,800,12.5,12,240,1.5,3.14
61,31.53523,34.61384,232,gaza,0.4066,1562,232,primary,80,5.33,7000,700,10.9,12,240,1.5,0.29
62,31.9486,34.80306,431,standard,0.4054,41374,431,motorway,100,8.33,8000,800,15.6,12,300,1.5,0.0
63,33.0261,35.40521,89,standard,0.3973,8054,89,trunk,60,4.0,9000,900,14.0,12,240,1.5,0.41
64,33.04499,35.4276,899,standard,0.397,6933,899,primary,80,5.33,3500,350,5.5,6,240,1.0,0.0
65,31.42469,34.60171,25,gaza,0.3968,211,25,trunk,90,6.0,7000,700,10.9,12,240,1.5,0.03
66,31.653,34.66405,35,standard,0.3927,6017,35,trunk,90,6.0,11000,1100,17.2,20,240,1.5,0.0
67,31.20849,34.2876,232,gaza,0.3926,0,232,primary,80,5.33,7000,700,10.9,12,240,1.5,0.26
68,33.07267,35.5303,886,north,0.3925,7109,886,primary,60,4.0,8000,800,12.5,12,240,1.5,0.77
69,32.92466,35.29901,85,standard,0.3881,13536,854,primary,80,6.67,8000,800,15.6,12,300,1.5,0.01
70,32.90828,35.27578,784,standard,0.3791,13370,784,primary,80,6.67,8000,800,15.6,12,300,1.0,0.11
71,31.82584,34.95814,3,standard,0.3786,40881,3,trunk,90,7.5,30000,3000,58.5,50,300,1.5,0.1
72,32.19266,34.90919,554,standard,0.3785,41453,טשרניחובסקי,primary,80,6.67,8000,800,15.6,12,300,1.0,0.29
73,31.31762,34.60265,241,gaza,0.3784,0,241,primary,80,5.33,8000,800,12.5,12,240,1.5,0.18
74,31.99043,34.79803,4,standard,0.3748,41043,4,motorway,100,8.33,40000,4000,78.0,50,300,2.5,0.08
75,31.74875,34.88079,383,standard,0.368,28403,383,primary,80,6.67,8000,800,15.6,12,300,1.0,1.69
76,32.88962,35.25865,784,standard,0.3666,13342,784,primary,80,6.67,4000,400,7.8,6,300,1.0,0.08
77,33.0197,35.4405,89,standard,0.3657,6850,89,trunk,90,7.5,9000,900,17.6,20,300,1.5,0.09
78,33.0454,35.48964,886,standard,0.3656,5993,886,primary,80,6.67,8000,800,15.6,12,300,1.0,1.11
79,32.83996,35.11552,79,standard,0.3645,13505,79,trunk,90,7.5,18000,1800,35.1,30,300,1.5,0.66
80,32.8402,35.16247,70,standard,0.363,14475,70,trunk,90,7.5,20000,2000,39.0,30,300,1.5,0.03
81,31.57579,34.67754,352,gaza,0.357,2730,352,primary,80,5.33,8000,800,12.5,12,240,1.0,0.49
82,31.9594,34.75889,איילון דרום,standard,0.3567,34515,איילון צפון,motorway,70,5.83,8000,800,15.6,12,300,2.5,0.22
83,32.21118,34.88385,כביש חיפה רעננה,standard,0.3527,38631,כביש חיפה רעננה,trunk,90,7.5,8000,800,15.6,12,300,1.5,0.38
84,32.93669,35.37481,864,standard,0.3492,11270,864,primary,80,6.67,8000,800,15.6,12,300,1.0,0.03
85,32.02119,34.80573,השבעה,standard,0.3475,38052,השבעה,trunk,70,5.83,18000,1800,35.1,30,300,2.5,0.0
86,31.34626,34.64342,25,gaza,0.3457,0,25,trunk,90,6.0,7000,700,10.9,12,240,1.5,0.28
87,32.2298,34.9505,טארק עבד אל חי,standard,0.3432,37587,554,primary,80,6.67,8000,800,15.6,12,300,1.0,0.0
88,32.98496,35.44306,866,standard,0.3367,7595,866,primary,60,5.0,8000,800,15.6,12,300,1.0,0.05
89,32.86495,35.25615,805,standard,0.3365,12660,805,primary,80,6.67,4000,400,7.8,6,300,1.0,0.27
90,31.64134,34.73393,35,standard,0.3335,6284,35,trunk,90,6.0,11000,1100,17.2,20,240,1.5,0.97
91,31.67842,34.7653,40,standard,0.3334,10448,40,trunk,90,7.5,22000,2200,42.9,50,300,1.5,0.01
92,32.83423,35.21687,781,standard,0.3306,13745,primary,primary,80,6.67,8000,800,15.6,12,300,1.5,0.03
93,31.49421,34.69139,ארץ הביתרונות,gaza,0.3264,827,ארץ הביתרונות,primary,80,5.33,8000,800,12.5,12,240,1.0,0.0
94,31.81131,35.02971,כביש ירושלים תל אביב,standard,0.3254,35641,כביש ירושלים תל אביב,trunk,90,7.5,13000,1300,25.4,30,300,2.0,0.02
95,32.81752,35.07755,שדרות ההסתדרות,standard,0.3124,10161,שדרות ההסתדרות,trunk,90,7.5,18000,1800,35.1,30,300,1.5,0.01
96,32.89917,35.3715,804,standard,0.3114,11097,804,primary,80,6.67,8000,800,15.6,12,300,1.0,0.04
97,32.84198,35.26131,784,standard,0.3075,12248,784,primary,80,6.67,4000,400,7.8,6,300,1.0,0.05
98,31.69811,34.8157,כביש חוצה ישראל,standard,0.3052,13052,כביש חוצה ישראל,motorway,110,9.17,8000,800,15.6,12,300,1.5,0.24
99,32.98889,35.48344,89,standard,0.3023,5165,89,trunk,90,7.5,9000,900,17.6,20,300,1.5,0.01
100,32.86205,35.29968,הגליל,standard,0.3005,10887,805,primary,80,6.67,8000,800,15.6,12,300,1.5,0.02
101,31.32963,34.69991,25,gaza,0.2976,789,310,primary,90,7.5,8000,800,15.6,12,300,1.5,0.0
102,32.79927,35.10271,העצמאות,standard,0.2968,10828,העצמאות,primary,80,6.67,13000,1300,25.4,30,300,1.5,0.0
103,31.78693,35.01387,38,standard,0.2963,32451,38,trunk,90,7.5,14000,1400,27.3,30,300,1.5,0.41
104,32.79903,35.14345,כביש חוצה ישראל,standard,0.2955,11380,כביש חוצה ישראל,motorway,100,8.33,8000,800,15.6,12,300,1.5,0.33
105,32.92179,35.41765,806,standard,0.2903,8325,806,primary,80,6.67,8000,800,15.6,12,300,1.5,0.03
106,31.1493,34.60686,222,gaza,0.2897,0,222,primary,90,7.5,8000,800,15.6,12,300,1.5,2.95
107,31.59895,34.75393,40,gaza,0.2889,3183,40,trunk,50,4.17,22000,2200,42.9,50,300,1.5,0.12
108,33.00299,35.56556,90,standard,0.2885,4889,90,trunk,90,7.5,9000,900,17.6,20,300,1.5,0.18
109,32.8048,35.054,נתיבי המפרץ,standard,0.2857,8806,22,motorway,90,7.5,35000,3500,68.2,50,300,1.5,0.0
110,31.38327,34.72069,264,gaza,0.2776,0,264,primary,80,6.67,8000,800,15.6,12,300,1.5,0.0
111,31.44208,34.73386,293,gaza,0.2751,273,ארץ הביתרונות,primary,60,5.0,4000,400,7.8,6,300,1.5,0.0
112,32.86207,35.33649,804,standard,0.2746,9612,804,primary,80,6.67,8000,800,15.6,12,300,1.0,0.2
113,31.62023,34.76931,35,standard,0.2736,3110,35,trunk,90,7.5,11000,1100,21.4,20,300,1.5,0.0
114,32.04668,34.78355,איילון דרום,standard,0.2694,29500,איילון דרום,motorway,90,7.5,13000,1300,25.4,30,300,2.5,0.0
115,31.77691,35.04577,395,standard,0.2645,28965,395,primary,80,6.67,8000,800,15.6,12,300,1.5,0.12
116,32.83053,34.96672,ההגנה,standard,0.2605,4723,ההגנה,trunk,70,5.83,8000,800,15.6,12,300,1.5,0.1
117,32.80251,35.25323,784,standard,0.2582,10861,784,primary,80,6.67,8000,800,15.6,12,300,1.0,0.22
118,32.78423,35.07705,דשנים,standard,0.2579,8227,דשנים,primary,80,6.67,4000,400,7.8,6,300,1.5,0.09
119,32.20918,34.83571,איילון דרום,standard,0.2567,28110,543,primary,80,6.67,8000,800,15.6,12,300,2.5,0.2
120,32.96769,35.55054,90,standard,0.2557,4889,90,trunk,90,7.5,9000,900,17.6,20,300,1.5,0.0
121,31.42211,34.75408,264,gaza,0.2536,273,264,primary,90,7.5,8000,800,15.6,12,300,1.5,0.02
122,32.7896,35.02673,4,standard,0.2511,7107,דרך בר יהודה,primary,80,6.67,4000,400,7.8,6,300,2.0,0.03
123,31.27117,34.73814,25,gaza,0.2474,789,25,trunk,90,7.5,7000,700,13.7,12,300,1.5,0.07
124,31.50595,34.78295,כביש חוצה ישראל,gaza,0.2468,1591,כביש חוצה ישראל,motorway,110,9.17,8000,800,15.6,12,300,1.5,0.51
125,31.82447,35.12793,הראל,standard,0.2452,26858,כיכר הראל,primary,80,6.67,8000,800,15.6,12,300,1.0,0.03
126,32.94526,35.5093,89,standard,0.2436,4665,89,trunk,90,7.5,9000,900,17.6,20,300,1.5,0.34
127,31.52805,34.79036,כביש חוצה ישראל,gaza,0.2421,1839,כביש חוצה ישראל,motorway,110,9.17,8000,800,15.6,12,300,1.5,0.05
128,31.44007,34.7721,כביש חוצה ישראל,gaza,0.2389,273,כביש חוצה ישראל,motorway,110,9.17,8000,800,15.6,12,300,1.5,0.07
129,32.76244,35.11946,כביש חוצה ישראל,standard,0.2389,9128,כביש חוצה ישראל,motorway,100,8.33,8000,800,15.6,12,300,1.5,0.22
130,31.36963,34.77829,310,gaza,0.2314,1062,310,primary,90,7.5,4000,400,7.8,6,300,1.5,0.45
131,32.88118,35.42518,807,standard,0.2244,5902,807,primary,80,6.67,8000,800,15.6,12,300,1.0,0.02
132,31.42223,34.78851,325,gaza,0.2235,524,325,primary,80,6.67,8000,800,15.6,12,300,1.0,0.01
133,31.59898,34.81294,כביש חוצה ישראל,gaza,0.2229,2062,כביש חוצה ישראל,motorway,110,9.17,8000,800,15.6,12,300,1.5,0.0
134,32.90877,35.473,65,standard,0.2215,4652,65,trunk,80,6.67,24000,2400,46.8,50,300,1.5,0.01
135,32.77882,34.99367,אבא חושי,standard,0.2191,5476,חורב,primary,80,6.67,8000,800,15.6,12,300,1.5,0.01
136,31.34575,34.79056,40,gaza,0.2168,1062,40,trunk,90,7.5,22000,2200,42.9,50,300,1.5,0.01
137,31.25352,34.76485,שדרות דוד טוביהו,gaza,0.2168,789,שדרות דוד טוביהו,trunk,70,5.83,8000,800,15.6,12,300,2.0,0.07
138,32.79253,34.95915,כביש החוף,standard,0.2145,4303,גשר שמואל ארד,trunk,70,5.83,8000,800,15.6,12,300,1.5,0.09
139,32.76785,35.22805,784,standard,0.2118,8545,784,primary,80,6.67,8000,800,15.6,12,300,1.0,0.01
140,32.74876,35.07656,דרך העמקים,standard,0.2094,7226,70,trunk,90,7.5,20000,2000,39.0,30,300,1.5,0.71
141,31.74651,35.07828,386,standard,0.2074,22712,386,primary,80,6.67,8000,800,15.6,12,300,1.5,0.46
142,32.9254,35.54377,90,standard,0.2044,3926,90,trunk,90,7.5,9000,900,17.6,20,300,1.5,0.09
143,32.26886,34.84313,כביש החוף,standard,0.1981,21692,כביש החוף,motorway,90,7.5,18000,1800,35.1,30,300,2.5,0.04
144,31.68525,34.90946,353,standard,0.1961,10069,353,primary,80,6.67,8000,800,15.6,12,300,1.0,0.1
145,32.84316,35.39883,806,standard,0.1905,5206,806,primary,80,6.67,8000,800,15.6,12,300,1.5,0.48
146,32.73444,35.03934,672,standard,0.1883,6778,672,primary,80,6.67,8000,800,15.6,12,300,1.5,0.0
147,31.37162,34.82684,כביש חוצה ישראל,gaza,0.1859,1062,כביש חוצה ישראל,motorway,110,9.17,8000,800,15.6,12,300,1.5,0.03
148,32.77254,35.28274,77,standard,0.1843,7336,77,trunk,100,8.33,19000,1900,37.0,30,300,1.5,0.5
149,31.30181,34.81865,40,gaza,0.1819,789,40,trunk,100,8.33,22000,2200,42.9,50,300,1.5,1.27
150,32.7239,35.09936,דרך העמקים,standard,0.1808,7226,דרך העמקים,trunk,90,7.5,8000,800,15.6,12,300,1.5,0.03
151,32.86626,35.45605,65,standard,0.1801,4044,65,trunk,90,7.5,24000,2400,46.8,50,300,1.5,0.09
152,31.07752,34.69373,222,gaza,0.1794,0,222,primary,90,7.5,8000,800,15.6,12,300,1.5,4.21
153,31.79472,35.16272,כביש ירושלים תל אביב,standard,0.1769,19378,כביש ירושלים תל אביב,trunk,90,7.5,13000,1300,25.4,30,300,2.0,0.07
154,32.31287,35.01273,כביש חוצה ישראל,standard,0.1737,19020,כביש חוצה ישראל,motorway,120,10.0,8000,800,15.6,12,300,2.0,0.04
155,31.25093,34.81975,אליהו נאוי,gaza,0.169,1014,אליהו נאוי,trunk,90,7.5,13000,1300,25.4,30,300,2.0,0.0
156,31.63394,34.87066,353,standard,0.1675,2064,353,primary,80,6.67,8000,800,15.6,12,300,1.0,0.04
157,32.84591,35.43364,65,standard,0.1672,3872,65,trunk,90,7.5,24000,2400,46.8,50,300,1.5,0.0
158,32.72495,35.00839,721,standard,0.1664,5880,721,primary,60,5.0,8000,800,15.6,12,300,1.5,0.03
159,32.74563,35.25454,79,standard,0.1627,6742,79,trunk,90,7.5,18000,1800,35.1,30,300,1.5,0.26
160,32.72927,35.20629,77,standard,0.1603,6486,77,trunk,100,8.33,19000,1900,37.0,30,300,1.5,1.3
161,31.68712,34.94661,38,standard,0.1585,9768,375,primary,80,6.67,8000,800,15.6,12,300,1.5,0.0
162,31.76438,35.15297,קלמן יעקב מן,standard,0.1563,17117,קלמן יעקב מן,primary,50,4.17,8000,800,15.6,12,300,1.5,0.1
163,31.71856,35.10578,375,standard,0.1547,16937,375,primary,80,6.67,4000,400,7.8,6,300,1.0,0.11
164,32.71169,35.13011,דרך העמקים,standard,0.154,6095,דרך העמקים,trunk,90,7.5,8000,800,15.6,12,300,1.5,0.27
165,31.60692,34.89303,35,standard,0.1518,2563,35,trunk,90,7.5,11000,1100,21.4,20,300,1.5,0.0
166,31.22568,34.82874,40,gaza,0.1511,1014,40,trunk,100,8.33,22000,2200,42.9,50,300,1.5,0.0
168,32.70628,35.16708,דרך העמקים,standard,0.1457,6506,דרך העמקים,trunk,90,7.5,8000,800,15.6,12,300,1.5,0.16
169,32.80878,35.39957,65,standard,0.1448,3998,65,trunk,90,7.5,24000,2400,46.8,50,300,1.5,0.02
170,31.16752,34.80461,40,gaza,0.1423,1014,40,trunk,90,7.5,22000,2200,42.9,50,300,1.5,0.01
171,31.39125,34.87917,358,gaza,0.1411,1276,358,primary,90,7.5,8000,800,15.6,12,300,1.0,0.36
173,32.90057,35.61115,87,standard,0.1409,2007,87,trunk,80,6.67,8000,800,15.6,12,300,1.0,0.03
174,30.93828,34.58878,211,gaza,0.1395,0,211,primary,90,7.5,8000,800,15.6,12,300,1.5,2.54
175,30.90461,34.49691,211,gaza,0.138,0,211,primary,90,7.5,8000,800,15.6,12,300,1.5,2.05
176,32.87232,35.54062,90,standard,0.1335,1983,90,trunk,80,6.67,9000,900,17.6,20,300,1.5,0.28
177,32.35022,35.00667,582,standard,0.1322,14477,582,primary,90,7.5,8000,800,15.6,12,300,1.5,0.12
178,30.8825,34.39305,primary,gaza,0.1253,0,primary,primary,80,6.67,8000,800,15.6,12,300,1.5,0.02
179,32.36079,34.86679,כביש החוף,standard,0.1247,13656,כביש החוף,motorway,90,7.5,8000,800,15.6,12,300,1.5,0.08
180,31.32146,34.88618,31,gaza,0.1237,1062,31,trunk,70,5.83,6500,650,12.7,12,300,1.5,0.01
181,31.69666,35.01068,עוקף בית שמש,standard,0.121,12387,עוקף בית שמש,primary,70,5.83,4000,400,7.8,6,300,1.5,0.05
182,32.68643,35.06666,672,standard,0.1192,4929,672,primary,50,4.17,8000,800,15.6,12,300,1.5,0.01
183,31.45936,34.91479,358,standard,0.1189,1527,358,primary,80,6.67,8000,800,15.6,12,300,1.0,0.53
184,32.70048,35.20778,דרך העמקים,standard,0.1172,5140,75,trunk,80,6.67,14000,1400,27.3,30,300,1.5,0.0
185,31.5361,34.92017,358,standard,0.1165,1527,358,primary,80,6.67,4000,400,7.8,6,300,1.0,0.11
186,32.8454,35.51626,90,standard,0.1163,1983,90,trunk,80,6.67,9000,900,17.6,20,300,1.5,0.04
187,32.38111,34.99238,581,standard,0.1157,12669,581,primary,60,5.0,4000,400,7.8,6,300,1.0,0.02
188,32.38041,34.90748,כביש חיפה רעננה,standard,0.1149,12584,כביש חיפה רעננה,trunk,90,7.5,8000,800,15.6,12,300,1.5,0.1
189,32.70974,34.95217,כביש החוף,standard,0.1117,2891,721,primary,80,6.67,8000,800,15.6,12,300,1.5,0.17
190,31.11922,34.81323,40,gaza,0.1101,1014,40,trunk,90,7.5,22000,2200,42.9,50,300,1.5,2.37
191,30.95655,34.67235,211,gaza,0.1096,0,211,primary,90,7.5,8000,800,15.6,12,300,1.5,0.0
192,32.75307,35.34331,754,standard,0.1061,3495,754,primary,80,6.67,8000,800,15.6,12,300,1.5,0.01
193,32.39689,34.92828,581,standard,0.1058,11583,581,primary,60,5.0,4000,400,7.8,6,300,1.0,0.12
194,32.395,34.87165,כביש החוף,standard,0.103,11283,כביש החוף,motorway,100,8.33,8000,800,15.6,12,300,1.5,0.05
195,32.36165,35.02999,574,standard,0.1019,11155,574,primary,80,6.67,8000,800,15.6,12,300,1.5,0.01
196,31.31604,34.91218,60,standard,0.1006,1287,60,trunk,90,7.5,16000,1600,31.2,30,300,1.5,0.14
197,32.67418,35.10376,כביש חוצה ישראל,standard,0.1002,4459,כביש חוצה ישראל,motorway,100,8.33,13000,1300,25.3,30,300,1.5,0.05
198,32.76387,35.37519,77,standard,0.0964,2598,77,trunk,90,7.5,19000,1900,37.1,30,300,1.5,0.07
199,31.50673,34.94324,358,standard,0.0946,1527,358,primary,80,6.67,8000,800,15.6,12,300,1.0,0.12
201,32.3855,35.01922,כביש חוצה ישראל,standard,0.0921,10091,כביש חוצה ישראל,motorway,120,10.0,13000,1300,25.4,30,300,1.5,0.08
202,30.96492,34.71583,211,gaza,0.0875,0,211,primary,80,6.67,8000,800,15.6,12,300,1.5,0.0
204,31.20745,34.89689,25,gaza,0.0836,1014,25,trunk,90,7.5,7000,700,13.7,12,300,1.5,0.29
206,31.67529,35.03189,367,standard,0.0819,8965,367,primary,80,6.67,8000,800,15.6,12,300,1.5,1.28
208,32.72877,35.32292,79,standard,0.076,2016,754,primary,80,6.67,8000,800,15.6,12,300,1.5,0.04
209,32.39496,35.04624,574,standard,0.0757,8287,574,primary,80,6.67,8000,800,15.6,12,300,1.5,0.0
210,32.41182,35.01958,9,standard,0.0753,8249,9,trunk,90,7.5,8000,800,15.6,12,300,2.0,0.04
211,31.34204,34.93297,60,standard,0.0751,273,60,trunk,90,7.5,16000,1600,31.2,30,300,1.5,0.0
212,31.00948,34.7797,40,gaza,0.0704,0,40,trunk,90,7.5,22000,2200,42.9,50,300,1.5,0.03
213,30.98717,34.76682,40,gaza,0.0663,0,40,trunk,80,6.67,22000,2200,42.9,50,300,1.5,0.01
214,31.27477,34.94342,31,standard,0.0642,1231,31,trunk,90,7.5,6500,650,12.7,12,300,1.5,0.0
215,32.70875,35.30998,דרך הציונות,standard,0.0608,2017,דרך הציונות,trunk,90,7.5,8000,800,15.6,12,300,1.5,0.15
217,32.45118,34.8932,כביש החוף,standard,0.0559,6118,כביש החוף,motorway,90,7.5,8000,800,15.6,12,300,1.5,0.03
219,32.75386,35.41108,65,standard,0.0539,580,65,trunk,90,7.5,24000,2400,46.8,50,300,1.5,0.07
220,32.45257,34.97321,65,standard,0.0534,5851,65,trunk,90,7.5,24000,2400,46.8,50,300,1.5,0.08
221,32.79894,35.52056,מנחם בגין,standard,0.0531,348,מנחם בגין,trunk,90,7.5,8000,800,15.6,12,300,2.0,0.01
222,31.06652,34.83841,40,gaza,0.0524,0,224,primary,90,7.5,8000,800,15.6,12,300,1.5,0.0
223,32.43746,35.02462,574,standard,0.0507,5557,574,primary,80,6.67,4000,400,7.8,6,300,1.5,0.1
224,32.78596,35.49496,מנחם בגין,standard,0.0503,348,77,trunk,90,7.5,19000,1900,37.1,30,300,2.0,0.0
226,32.6423,35.05813,672,standard,0.0472,2419,672,primary,80,6.67,8000,800,15.6,12,300,1.5,0.33
227,32.66137,35.23909,73,standard,0.0382,2013,73,trunk,90,7.5,8000,800,15.6,12,300,1.5,0.04
228,32.47901,34.95591,הים,standard,0.0357,3911,הים,primary,80,6.67,8000,800,15.6,12,300,1.5,0.01
230,32.45671,35.04691,האחווה,standard,0.0298,3267,611,primary,50,4.17,8000,800,15.6,12,300,1.5,0.01
231,32.50474,34.91422,כביש החוף,standard,0.027,2956,כביש החוף,motorway,110,9.17,8000,800,15.6,12,300,1.5,0.01
233,32.67574,35.29197,60,standard,0.0263,1122,60,trunk,90,7.5,16000,1600,31.2,30,300,1.5,0.05
235,32.48213,35.03479,כביש חוצה ישראל,standard,0.0243,2660,כביש חוצה ישראל,motorway,110,9.17,8000,800,15.6,12,300,1.5,0.03
236,32.64337,34.95866,כביש חיפה רעננה,standard,0.0213,662,כביש חיפה רעננה,trunk,90,7.5,8000,800,15.6,12,300,1.5,0.0
238,30.93868,34.78511,40,gaza,0.0191,0,40,trunk,90,7.5,22000,2200,42.9,50,300,1.5,0.0
240,31.1853,34.95695,25,standard,0.0163,442,25,trunk,90,7.5,7000,700,13.7,12,300,1.5,0.02
241,32.5173,34.99246,654,standard,0.0161,1768,653,primary,80,6.67,8000,800,15.6,12,300,1.0,0.0
242,32.77382,35.54631,שדרות אליעזר קפלן,standard,0.0144,0,שדרות אליעזר קפלן,trunk,60,5.0,8000,800,15.6,12,300,1.0,0.04
244,31.31285,34.99488,316,standard,0.0126,217,316,primary,80,6.67,8000,800,15.6,12,300,1.0,0.54
248,32.61908,35.05488,כביש חוצה ישראל,standard,0.01,1099,כביש חוצה ישראל,motorway,120,10.0,8000,800,15.6,12,300,1.5,0.49
249,32.53646,34.92907,כביש חיפה רעננה,standard,0.008,881,כביש חיפה רעננה,trunk,90,7.5,8000,800,15.6,12,300,1.5,0.02
250,31.25485,35.21055,31,standard,0.0069,753,31,trunk,90,7.5,6500,650,12.7,12,300,1.5,0.02
251,31.29801,35.13199,80,standard,0.0069,753,80,trunk,90,7.5,8000,800,15.6,12,300,1.5,0.93
252,32.56323,34.95873,652,standard,0.0054,587,כיכר משה,primary,80,6.67,4000,400,7.8,6,300,1.0,0.01
253,32.52426,35.02544,653,standard,0.0054,587,653,primary,80,6.67,8000,800,15.6,12,300,1.0,0.07
254,31.2012,35.35995,דרך ים המלח,standard,0.0049,536,דרך ים המלח,trunk,90,7.5,8000,800,15.6,12,300,1.5,0.18
255,31.19194,35.28031,31,standard,0.0049,536,31,trunk,90,7.5,6500,650,12.7,12,300,1.5,0.0
256,31.25015,35.36307,דרך ים המלח,standard,0.0049,536,דרך ים המלח,trunk,80,6.67,8000,800,15.6,12,300,1.5,0.02
257,32.5864,35.43541,717,standard,0.0047,510,717,primary,80,6.67,8000,800,15.6,12,300,1.0,1.21
258,31.25249,35.12599,80,standard,0.0046,500,80,trunk,90,7.5,8000,800,15.6,12,300,1.5,0.06
259,31.2344,35.10819,80,standard,0.0046,500,80,trunk,90,7.5,4000,400,7.8,6,300,1.5,0.07
260,31.2565,35.09862,31,standard,0.0046,500,31,trunk,90,7.5,6500,650,12.7,12,300,1.5,0.22
261,31.16767,35.04596,80,standard,0.004,442,80,trunk,90,7.5,8000,800,15.6,12,300,1.5,0.24
262,31.26291,35.02142,31,standard,0.004,442,31,trunk,90,7.5,6500,650,12.7,12,300,1.5,0.49
263,31.15683,34.995,80,standard,0.004,442,80,trunk,90,7.5,8000,800,15.6,12,300,1.5,0.0
264,32.60198,35.08464,672,standard,0.004,440,672,primary,80,6.67,8000,800,15.6,12,300,1.5,0.0
265,32.71782,35.43847,דרך המושבות,standard,0.0036,232,767,primary,80,6.67,4000,400,7.8,6,300,1.0,0.01
266,30.61281,34.85762,40,gaza,0.0026,284,40,trunk,80,6.67,22000,2200,42.9,50,300,1.5,0.0
267,30.62719,34.80473,40,gaza,0.0026,284,40,trunk,90,7.5,22000,2200,42.9,50,300,1.5,0.0
268,30.6616,34.80929,40,gaza,0.0026,284,40,trunk,90,7.5,22000,2200,42.9,50,300,1.5,0.0
269,30.5665,34.90431,40,standard,0.0026,284,40,trunk,80,6.67,22000,2200,42.9,50,300,1.5,0.0
270,30.72685,34.77465,40,gaza,0.0026,284,40,trunk,90,7.5,22000,2200,42.9,50,300,1.5,0.07
271,31.14917,35.22181,258,standard,0.0026,283,258,primary,80,6.67,8000,800,15.6,12,300,1.0,0.0
273,31.31343,35.38376,דרך ים המלח,standard,0.0023,253,דרך ים המלח,trunk,80,6.67,8000,800,15.6,12,300,1.5,0.71
274,32.6126,35.54892,90,standard,0.0021,232,90,trunk,80,6.67,9000,900,17.6,20,300,1.5,0.41
275,32.70236,35.41203,65,standard,0.0021,232,65,trunk,80,6.67,24000,2400,46.8,50,300,1.5,0.28
276,32.66478,35.39644,65,standard,0.0021,232,65,trunk,80,6.67,24000,2400,46.8,50,300,1.5,0.07
277,32.59074,35.2921,60,standard,0.0021,232,60,primary,80,6.67,16000,1600,31.2,30,300,1.5,0.03
278,32.64101,35.32434,כביש עוקף עפולה מזרח,standard,0.0021,232,כביש עוקף עפולה מזרח,trunk,90,7.5,8000,800,15.6,12,300,1.5,0.69
279,32.56021,35.35378,675,standard,0.0021,232,675,primary,80,6.67,8000,800,15.6,12,300,1.5,0.02
280,32.5798,35.39895,716,standard,0.0021,232,716,primary,80,6.67,4000,400,7.8,6,300,1.0,0.11
281,32.63534,35.39574,716,standard,0.0021,232,716,primary,80,6.67,8000,800,15.6,12,300,1.0,0.05
282,32.71608,35.46579,דרך המושבות,standard,0.0021,232,דרך המושבות,primary,80,6.67,4000,400,7.8,6,300,1.0,0.03
283,31.12478,35.01084,25,standard,0.0021,225,25,trunk,90,7.5,7000,700,13.7,12,300,1.5,2.79
285,32.55248,35.0312,כביש חוצה ישראל,standard,0.0,0,כביש חוצה ישראל,motorway,110,9.17,8000,800,15.6,12,300,1.5,0.07
286,32.58001,35.04577,כביש חוצה ישראל,standard,0.0,0,כביש חוצה ישראל,motorway,110,9.17,8000,800,15.6,12,300,1.5,0.0
287,32.61043,34.92748,כביש החוף,standard,0.0,0,כביש החוף,motorway,110,9.17,8000,800,15.6,12,300,1.5,0.0
288,32.58656,34.92636,כביש החוף,standard,0.0,0,כביש החוף,motorway,90,7.5,8000,800,15.6,12,300,1.5,0.0
290,32.74157,35.56785,90,standard,0.0,0,90,trunk,80,6.67,9000,900,17.6,20,300,1.5,0.1
291,31.14138,35.36025,90,standard,0.0,0,90,trunk,60,5.0,9000,900,17.6,20,300,1.5,0.0
292,29.5441,34.95027,90,standard,0.0,0,90,trunk,70,5.83,9000,900,17.6,20,300,1.5,0.16
293,32.70484,35.58641,90,standard,0.0,0,כיכר צמח,trunk,90,7.5,4000,400,7.8,6,300,1.5,0.01
295,32.67837,35.5805,90,standard,0.0,0,90,trunk,80,6.67,9000,900,17.6,20,300,1.5,0.06
296,29.57788,34.96757,הערבה,standard,0.0,0,הערבה,trunk,90,7.5,8000,800,15.6,12,300,1.5,0.0
297,29.60913,34.98382,הערבה,standard,0.0,0,הערבה,trunk,30,2.5,8000,800,15.6,12,300,1.5,0.05
300,29.76344,35.01411,הערבה,standard,0.0,0,הערבה,trunk,90,7.5,8000,800,15.6,12,300,1.5,0.0
303,30.28384,34.99975,40,standard,0.0,0,40,trunk,80,6.67,22000,2200,42.9,50,300,1.5,0.35
304,30.81704,34.75609,40,gaza,0.0,0,40,trunk,90,7.5,22000,2200,42.9,50,300,1.5,0.08
305,30.78002,34.76921,40,gaza,0.0,0,40,trunk,90,7.5,22000,2200,42.9,50,300,1.5,0.0
310,30.04781,35.01047,12,standard,0.0,0,12,trunk,80,6.67,8000,800,15.6,12,300,1.5,0.24
311,31.05359,35.03088,25,standard,0.0,0,25,trunk,90,7.5,7000,700,13.7,12,300,1.5,0.0
312,31.06829,35.00661,25,standard,0.0,0,204,primary,90,7.5,4000,400,7.8,6,300,1.5,0.0
317,29.83364,35.02882,הערבה,standard,0.0,0,הערבה,trunk,90,7.5,8000,800,15.6,12,300,1.5,0.02
318,29.63183,34.88065,כביש הגבול המערבי,gaza,0.0,0,כביש הגבול המערבי,trunk,80,6.67,8000,800,15.6,12,300,1.5,0.11
319,29.77754,35.05858,Jordan Valley Highway,standard,0.0,0,65,trunk,100,8.33,24000,2400,46.8,50,300,1.5,0.1
320,30.13754,35.138,הערבה,standard,0.0,0,הערבה,trunk,90,7.5,8000,800,15.6,12,300,1.5,1.14
322,29.84431,34.83819,12,gaza,0.0,0,12,trunk,80,6.67,8000,800,15.6,12,300,1.5,1.05
324,30.48576,34.93315,40,standard,0.0,0,40,trunk,80,6.67,22000,2200,42.9,50,300,1.5,0.28
330,29.94978,34.91844,12,standard,0.0,0,12,trunk,80,6.67,8000,800,15.6,12,300,1.5,3.79
331,29.96941,35.06507,הערבה,standard,0.0,0,הערבה,trunk,70,5.83,8000,800,15.6,12,300,1.5,0.01
333,30.26971,35.13539,הערבה,standard,0.0,0,הערבה,trunk,90,7.5,8000,800,15.6,12,300,1.5,0.03
334,29.73907,34.85312,כביש הגבול המערבי,gaza,0.0,0,כביש הגבול המערבי,trunk,80,6.67,8000,800,15.6,12,300,1.5,0.42
335,31.03923,35.16624,25,standard,0.0,0,25,trunk,90,7.5,7000,700,13.7,12,300,1.5,1.0
336,29.70652,34.99732,הערבה,standard,0.0,0,הערבה,trunk,90,7.5,8000,800,15.6,12,300,1.5,0.02
337,30.37038,34.96243,40,standard,0.0,0,40,trunk,90,7.5,22000,2200,42.9,50,300,1.5,1.84
338,30.16144,35.01743,40,standard,0.0,0,40,trunk,90,7.5,22000,2200,42.9,50,300,1.5,2.36
343,31.07234,35.3971,90,standard,0.0,0,90,trunk,80,6.67,9000,900,17.6,20,300,1.5,2.75
345,29.89666,35.06371,הערבה,standard,0.0,0,הערבה,trunk,90,7.5,8000,800,15.6,12,300,1.5,0.01
346,30.05335,35.11309,הערבה,standard,0.0,0,הערבה,trunk,90,7.5,8000,800,15.6,12,300,1.5,2.79
347,30.87527,34.78662,40,gaza,0.0,0,40,trunk,90,7.5,22000,2200,42.9,50,300,1.5,0.03
350,32.5894,34.98374,ואדי מילק,standard,0.0,0,ואדי מילק,trunk,100,8.33,8000,800,15.6,12,300,1.5,0.28
357,29.90423,34.86291,12,gaza,0.0,0,12,trunk,80,6.67,8000,800,15.6,12,300,1.5,1.74
358,30.00362,34.9552,12,standard,0.0,0,12,trunk,80,6.67,8000,800,15.6,12,300,1.5,0.28
361,29.65814,34.99038,הערבה,standard,0.0,0,הערבה,trunk,90,7.5,8000,800,15.6,12,300,1.5,2.99
363,30.20251,35.13549,הערבה,standard,0.0,0,הערבה,trunk,90,7.5,8000,800,15.6,12,300,1.5,2.95
365,29.72945,35.03561,Jordan Valley Highway,standard,0.0,0,65,trunk,100,8.33,24000,2400,46.8,50,300,1.5,0.02
366,30.29091,35.09632,13,standard,0.0,0,13,trunk,90,7.5,8000,800,15.6,12,300,1.5,1.73
367,30.9957,34.92368,204,standard,0.0,0,204,primary,80,6.67,8000,800,15.6,12,300,1.5,0.27
368,32.57236,35.07668,672,standard,0.0,0,672,primary,80,6.67,8000,800,15.6,12,300,1.5,0.02
369,32.56674,35.26239,675,standard,0.0,0,675,primary,80,6.67,8000,800,15.6,12,300,1.5,0.03
370,30.91157,34.84372,204,gaza,0.0,0,204,primary,80,6.67,8000,800,15.6,12,300,1.5,0.44
371,29.55534,34.91334,דרך החוגגים,standard,0.0,0,דרך החוגגים,trunk,80,6.67,8000,800,15.6,12,300,1.0,0.13
374,32.59429,35.18035,66,standard,0.0,0,66,trunk,60,5.0,8000,800,15.6,12,300,1.0,0.09
375,31.00401,35.27512,מעלה תמר,standard,0.0,0,מעלה תמר,trunk,80,6.67,8000,800,15.6,12,300,1.0,0.03
377,30.92485,35.02487,206,standard,0.0,0,206,primary,80,6.67,8000,800,15.6,12,300,1.0,0.28
378,32.71419,35.54642,767,standard,0.0,0,767,primary,80,6.67,8000,800,15.6,12,300,1.0,0.03
380,30.93723,35.11694,227,standard,0.0,0,227,primary,80,6.67,8000,800,15.6,12,300,1.0,0.64
381,30.95248,35.01187,225,standard,0.0,0,225,primary,50,4.17,4000,400,7.8,6,300,1.0,2.03
382,31.01151,35.07848,206,standard,0.0,0,206,primary,80,6.67,8000,800,15.6,12,300,1.0,0.04
383,30.88774,35.13939,227,standard,0.0,0,227,primary,80,6.67,8000,800,15.6,12,300,1.0,0.03
384,30.9633,35.04934,227,standard,0.0,0,227,primary,80,6.67,8000,800,15.6,12,300,1.0,0.37
385,31.08317,35.21114,258,standard,0.0,0,258,primary,80,6.67,8000,800,15.6,12,300,1.0,2.92
