alert_rank,aadt_rank,lat,lon,road,risk_score,lanes_weight,aadt_vehicles_per_day,nearby_alerts_15km
1,159,31.94308594072457,34.89703326001623,40,1.8,1.5,22000,77348
2,492,31.956326092888315,34.932427457959754,443,1.8,1.5,8000,76507
3,22,31.992751639388207,34.86861006659015,1,1.5,2.0,55000,76439
4,191,31.95389895267376,34.85527648940719,44,1.8,2.5,18000,75340
5,435,32.0166256,34.926612,46,1.8,1.0,8000,75069
6,347,32.0346407,34.957967,465,2.0,1.5,8000,73572
7,185,31.91302882440063,34.89070614158708,44,1.8,2.5,18000,73543
8,241,32.06814693324196,34.935643620308596,471,1.5,2.0,13000,73367
9,26,31.92923797540002,34.927488235537474,1,1.5,2.0,55000,73309
10,32,32.04164339350598,34.94864403697986,6,1.5,1.5,48000,72456
11,517,31.8923708,34.9191756,424,2.0,1.0,8000,72389
12,143,32.06839206401847,34.90347858298609,40,1.8,1.5,22000,72098
13,548,31.984085099954147,34.94938362728124,453,2.0,1.5,8000,72076
14,436,32.05309012140236,34.94354161184395,444,2.0,1.5,8000,71903
15,147,31.912253520296748,34.85686025460137,40,1.8,1.5,22000,71842
16,38,31.9834824,34.9622899,6,1.5,1.5,48000,71572
17,532,31.909973729138205,34.882862977256856,431,1.5,1.5,8000,71400
18,512,32.02788930820734,34.87931894080527,461,2.0,1.5,8000,71260
19,177,31.8622554,34.894654,44,1.8,2.5,18000,70895
20,397,31.8659415,34.952257,424,2.0,1.0,8000,70693
21,425,31.9238404,34.8405001,421,2.0,1.5,8000,70427
22,394,31.8653449,34.9530996,424,2.0,1.0,8000,70042
23,528,32.0968676,34.9014573,483,2.0,1.5,8000,69435
24,184,31.984401840585537,34.8328839620562,44,1.8,2.5,18000,67484
25,325,31.9477567,34.9640961,443,1.8,1.5,8000,67380
26,529,31.9477025,34.9639463,443,1.8,1.5,8000,67380
27,21,31.86891584679172,34.967730160217585,1,1.5,2.0,55000,67219
28,34,31.847721500310076,34.86736489437123,6,1.5,1.5,48000,67143
29,156,32.137546495472016,34.91479269499026,40,1.8,1.5,22000,66939
30,468,31.927844498125214,34.828092583873435,431,1.5,1.5,8000,66376
31,246,32.12225093804128,34.89096275586194,5,1.5,2.0,13000,66298
32,233,32.0658234,34.8456447,471,1.5,2.0,13000,65825
33,239,32.1061054,34.964074,5,1.5,2.0,13000,65775
34,552,32.13914072915288,34.94178376141131,444,2.0,1.5,8000,65510
35,229,32.0650653,34.8442283,471,1.5,2.0,13000,64816
36,507,32.141879067031134,34.943845385145714,444,2.0,1.5,8000,64628
37,503,32.1105148,34.8684177,4911,2.0,1.5,8000,64187
38,469,32.1455712520984,34.95056971770853,531,1.5,1.5,8000,63616
39,57,32.07485592457246,34.84362373983916,4,1.8,1.5,40000,63595
40,240,32.0921744506942,34.86005448187934,481,2.0,2.0,13000,63576
41,533,31.8954928,34.9948359,431,1.5,1.5,8000,63566
42,487,31.83978988505241,34.85035618617226,411,2.0,1.5,8000,63514
43,89,31.821000428418944,34.92329554166621,3,1.8,1.5,30000,63497
44,136,31.8360213492937,34.783840426610936,40,1.8,1.5,22000,63461
45,77,32.14058818363728,34.87288191689019,4,1.8,1.5,40000,63109
46,445,31.8945922,34.9949889,431,1.5,1.5,8000,62923
47,225,31.9158734,34.8169926,423,2.0,2.0,13000,62385
48,446,31.998710333493378,34.819290577815984,412,2.0,1.5,8000,62359
49,87,31.819907202449993,34.92177209787874,3,1.8,1.5,30000,62234
50,236,31.9587301,34.8020987,441,2.0,2.0,13000,62065
51,348,32.1752232,34.8913508,554,2.0,1.0,8000,61983
52,231,32.092596430112785,34.85228225861316,481,2.0,2.0,13000,61853
53,450,32.001370811820365,34.82101222215649,412,2.0,1.5,8000,61796
54,444,31.8132421,34.899548,411,2.0,1.5,8000,61765
55,336,31.8986517,34.8103932,412,2.0,1.5,8000,61419
56,178,31.8162527,34.9143267,44,1.8,2.5,18000,61241
57,55,32.03178156804269,34.8293036161141,4,1.8,1.5,40000,61194
58,551,32.17185451608901,34.897044633954344,531,1.5,1.5,8000,61024
59,237,31.921098,34.8136263,423,2.0,2.0,13000,60928
60,93,31.83491195066921,34.977408256699064,3,1.8,1.5,30000,60721
61,414,31.8469955,34.8368469,411,2.0,1.5,8000,60715
62,402,31.888374962196917,34.77877425795698,410,2.0,1.5,8000,60624
63,70,32.12256616089965,34.8541405289068,4,1.8,1.5,40000,59866
64,158,31.872956511156616,34.821870646428074,40,1.8,1.5,22000,59512
65,452,31.900957631061125,34.76340029277351,42,1.8,1.5,8000,58613
66,91,31.854417,35.0040893,3,1.8,1.5,30000,58462
67,523,31.93496740523937,34.79979862224626,412,2.0,1.5,8000,57447
68,527,31.942603086440204,34.80069336576319,412,2.0,1.5,8000,57433
69,547,31.800202999053703,34.805238958539405,7,1.8,1.5,8000,57341
70,24,31.830224723350366,34.98962017417698,1,1.5,2.0,55000,57200
71,413,32.17966622393499,34.94579289934344,55,1.8,1.5,8000,57121
72,549,31.883297774009087,34.77016930483222,410,2.0,1.5,8000,56602
73,73,31.99920533846322,34.803402201518274,4,1.8,1.5,40000,56482
74,182,31.81066302236724,34.93630781315902,44,1.8,2.5,18000,56272
75,86,31.8546671,35.0286728,3,1.8,1.5,30000,55857
76,234,32.160543785064284,34.84258360397408,482,2.0,2.0,13000,55832
77,434,31.8667295,34.7451792,42,1.8,1.5,8000,55067
78,243,32.1200192177935,34.82534547728752,482,2.0,2.0,13000,54388
79,190,32.01517331749907,34.81082169945545,44,1.8,2.5,18000,54326
80,465,31.79683145502639,34.79369448037766,7,1.8,1.5,8000,53022
81,25,32.02931533806774,34.806449509767134,1,1.5,2.0,55000,52276
82,520,32.2028663,34.9715699,444,2.0,1.5,8000,51804
83,42,31.79424701906824,34.83096713771216,6,1.5,1.5,48000,51657
84,187,31.797076916571235,34.97304357793926,44,1.8,2.5,18000,51633
85,64,31.882384766042144,34.724747937900084,4,1.8,1.5,40000,51376
86,516,32.2288017,34.9432451,554,2.0,1.0,8000,50227
87,211,31.8152197,35.0241182,38,1.8,1.5,14000,50077
88,349,32.2297963,34.9505011,554,2.0,1.0,8000,49571
89,63,31.873979607495315,34.719219443365425,4,1.8,1.5,40000,49441
90,75,32.21645443499871,34.88334086158183,4,1.8,1.5,40000,48951
91,76,32.2158118959682,34.88355902326494,4,1.8,1.5,40000,48951
92,46,31.77910554285568,34.83282831986793,6,1.5,1.5,48000,48264
93,338,31.7602253,34.793411,383,2.0,1.0,8000,47376
94,92,31.761982419743447,34.791683771291886,3,1.8,1.5,30000,47374
95,23,31.806838013070312,35.03780313425314,1,1.5,2.0,55000,47222
96,224,32.0828465,34.8034674,482,2.0,2.0,13000,46514
97,441,32.18850294368572,34.84012128225119,531,1.5,1.5,8000,46486
98,230,32.1402052,34.8080752,5,1.5,2.0,13000,45663
99,5,31.9484652,34.7513192,20,1.5,2.0,105000,45221
100,4,32.08214446488169,34.79768319357016,20,1.5,2.0,105000,43632
101,180,31.774416,35.0065076,44,1.8,2.5,18000,43125
102,415,31.7765792,35.0117922,395,2.0,1.5,8000,43125
103,220,31.777830377914675,35.01099517258108,38,1.8,1.5,14000,43125
104,2,32.1571635,34.8145949,20,1.5,2.0,105000,42624
105,215,31.77081277292907,35.00071705697992,38,1.8,1.5,14000,42436
106,1,32.160343,34.8156954,20,1.5,2.0,105000,42295
107,410,32.0471027,34.7841113,461,2.0,1.5,8000,41057
108,232,32.141733,34.8014666,5,1.5,2.0,13000,41051
109,27,32.2391313,34.9819499,6,1.5,1.5,48000,41002
110,226,32.0794928,34.7935987,481,2.0,2.0,13000,40858
111,19,32.14324998003359,34.802267323474524,2,1.5,2.0,75000,40746
112,7,32.0997636,34.7935108,2,1.5,2.0,75000,40528
113,332,32.2615995,34.944886,553,2.0,1.5,8000,40505
114,505,31.80667,35.1034242,425,2.0,1.0,8000,38969
115,496,31.748969859210998,34.87867537383736,383,2.0,1.0,8000,38951
116,3,32.016886920968204,34.761776243331255,20,1.5,2.0,105000,38615
117,179,32.0380721,34.778851,44,1.8,2.5,18000,38464
118,79,31.808076370761526,34.6950490777238,4,1.8,1.5,40000,38169
119,337,32.2373667,34.8789916,551,2.0,1.0,8000,38064
120,333,32.2612249,34.9157054,562,2.0,1.5,8000,37380
121,429,31.7456872,34.8200324,383,2.0,1.0,8000,37209
122,490,32.2615478,34.9250644,553,2.0,1.5,8000,36990
123,453,31.7764783,35.0664881,395,2.0,1.5,8000,36931
124,13,32.18581243902859,34.81545167564944,2,1.5,2.0,75000,36514
125,495,32.2121943,34.8253988,543,2.0,1.5,8000,35199
126,462,31.749605,35.0023796,3855,2.0,1.5,8000,34274
127,536,31.777412480774984,35.09880345362604,395,2.0,1.5,8000,34154
128,84,32.28278731265563,34.8964933427581,4,1.8,1.5,40000,32953
129,409,32.25589575597846,34.86275033720635,553,2.0,1.5,8000,32663
130,455,31.8282099,34.6628569,41,1.5,1.5,8000,32367
131,20,31.8006883,35.1335885,1,1.5,2.0,55000,32133
132,525,32.25613337782483,34.85974146342029,553,2.0,1.5,8000,32108
133,223,31.9961433,34.7347887,441,2.0,2.0,13000,32058
134,6,32.2283347,34.8317268,20,1.5,2.0,105000,30729
135,341,31.7777713,35.1290912,395,2.0,1.5,8000,29944
136,67,31.76603588570049,34.66753162396253,4,1.8,1.5,40000,29751
137,68,31.766750703221966,34.66735341367199,4,1.8,1.5,40000,29751
138,11,32.270758723096456,34.85071093467269,2,1.5,2.0,75000,29512
139,62,32.29993264548744,34.89988285693602,4,1.8,1.5,40000,28894
140,210,31.7496863,34.9761923,38,1.8,1.5,14000,28746
141,334,32.3065176,34.9382115,562,2.0,1.5,8000,28619
142,160,32.9444339,35.1633367,70,4.0,1.5,20000,28187
143,165,32.94653293377821,35.1637672892712,70,4.0,1.5,20000,28187
144,293,33.01741279122482,35.17648195546076,89,4.0,1.5,9000,26041
145,298,33.02378596408639,35.25637179158714,89,4.0,1.5,9000,26011
146,161,32.897280698696775,35.17223182786978,70,4.0,1.5,20000,25775
147,90,31.702333995514003,34.71374925585459,3,1.8,1.5,30000,25651
148,36,31.71477938563279,34.82077027289345,6,1.5,1.5,48000,25437
149,405,32.9784512,35.2722319,854,4.0,1.5,8000,25330
150,205,32.9124567489812,35.18268055902087,85,4.0,1.5,15000,25185
151,206,32.912612522695184,35.18273648086207,85,4.0,1.5,15000,25185
152,162,33.00767852601651,35.145530911557024,70,4.0,1.5,20000,25177
153,166,33.0051905,35.1451366,70,4.0,1.5,20000,25141
154,270,33.0026148,35.2869171,89,4.0,1.5,9000,24679
155,374,32.8932243,35.1837434,805,2.0,1.0,8000,24631
156,281,33.01555995993626,35.15721540919772,89,4.0,1.5,9000,24609
157,227,32.311859,34.9985091,57,1.8,2.0,13000,24587
158,169,32.87690961422053,35.17742322171042,70,4.0,1.5,20000,24316
159,242,32.320613576707515,34.93117711795052,57,1.8,2.0,13000,24197
160,420,32.9727234,35.2775471,854,4.0,1.5,8000,23999
161,88,31.69610321277777,34.69511911919781,3,1.8,1.5,30000,23446
162,235,32.326531,34.8626822,57,1.8,2.0,13000,22944
163,16,32.32634886803869,34.86812143519335,2,1.5,2.0,75000,22944
164,581,33.06229019469994,35.245346361247,899,4.0,1.5,3500,22567
165,408,33.0001394,35.2995065,864,4.0,1.0,8000,22248
166,479,32.947283809952545,35.26881288779681,854,4.0,1.5,8000,21644
167,168,32.84362675020586,35.16382547706033,70,4.0,1.5,20000,20930
168,80,31.724216684914822,34.6356007950735,4,1.8,1.5,40000,20745
169,74,32.973515727292266,35.09272055624355,4,4.0,1.5,40000,20547
170,164,32.8323457886262,35.15542578585334,70,4.0,1.5,20000,20537
171,217,31.724176677188616,34.96529158781999,38,1.8,1.5,14000,20286
172,531,32.980358141322895,35.096414908985516,859,4.0,1.5,8000,20113
173,83,33.0179564,35.1035929,4,4.0,1.5,40000,20012
174,72,32.970918826961956,35.09275068997199,4,4.0,1.5,40000,19984
175,545,32.8342306,35.2168686,781,2.0,1.5,8000,19721
176,368,32.9258305,35.2992486,854,4.0,1.5,8000,19618
177,202,32.923386831175016,35.281014591808805,85,4.0,1.5,15000,19575
178,188,32.833956869675006,35.12385538004311,79,1.8,1.5,18000,19556
179,447,32.8222586,35.1495272,781,2.0,1.5,8000,19513
180,167,33.0705856,35.1522145,70,4.0,1.5,20000,19481
181,560,31.6835487,34.6530558,232,4.0,1.0,7000,19356
182,575,31.681540499283685,34.6520032313883,232,2.0,1.0,7000,19356
183,51,33.0350761,35.1046283,4,4.0,1.5,40000,19228
184,61,33.0456259,35.105751,4,4.0,1.5,40000,19228
185,377,32.8893397,35.2571165,784,2.0,1.0,8000,19211
186,463,32.8881594,35.2563652,784,2.0,1.0,8000,19211
187,48,33.025906,35.1038606,4,4.0,1.5,40000,18934
188,50,33.0280395,35.1040938,4,4.0,1.5,40000,18934
189,54,32.880303177611694,35.096606451629576,4,4.0,1.5,40000,18785
190,78,32.36689131279233,34.909569696230605,4,1.8,1.5,40000,18454
191,200,32.9232956543936,35.08658129103854,85,4.0,1.5,15000,18113
192,381,32.8210789,35.2289327,784,2.0,1.0,8000,18089
193,456,32.8246202,35.1642837,781,2.0,1.5,8000,17884
194,508,32.9559206,35.3521151,864,4.0,1.0,8000,17729
195,367,32.9165656,35.3708556,804,4.0,1.0,8000,17545
196,406,32.9139081,35.3731314,804,4.0,1.0,8000,17545
197,30,31.695743262298777,34.814553374574835,6,1.5,1.5,48000,17405
198,380,32.8391522,35.2570998,784,2.0,1.0,8000,17336
199,56,32.89628971298447,35.09340092865291,4,4.0,1.5,40000,17232
200,183,32.804861280916654,35.15306421311178,79,1.8,1.5,18000,16735
201,378,32.8588941,35.2651508,784,2.0,1.0,8000,16693
202,379,32.8546517,35.2697224,784,2.0,1.0,8000,16693
203,149,31.691702556301795,34.75999071966174,40,1.8,1.5,22000,16547
204,484,32.3810254,34.9927793,581,2.0,1.0,8000,16256
205,209,31.7084332,34.9496062,38,1.8,1.5,14000,16168
206,9,32.381842776431014,34.865504899053654,2,1.5,2.0,75000,15879
207,370,32.3930038,34.9222457,581,2.0,1.0,8000,15784
208,372,32.3939574,34.9229473,581,2.0,1.0,8000,15784
209,163,32.789281340118364,35.14009101290014,70,4.0,1.5,20000,15774
210,546,32.8046325,35.1039729,780,2.0,1.5,8000,15710
211,290,33.0207003,35.3327817,89,4.0,1.5,9000,15541
212,375,32.8603856,35.3054985,805,2.0,1.0,8000,15485
213,376,32.8102974,35.2521308,784,2.0,1.0,8000,15370
214,424,32.8047591,35.2531465,784,2.0,1.0,8000,15370
215,371,32.3967507,34.9261783,581,2.0,1.0,8000,15353
216,181,32.787674697637186,35.19806003032284,79,1.8,1.5,18000,15084
217,580,33.1217309,35.5689318,899,4.0,1.5,3500,15024
218,40,32.7776371,35.1304571,6,1.5,1.5,48000,14516
219,273,33.1114184,35.57241,90,4.0,1.5,9000,14512
220,384,32.8007534,35.0759512,772,2.0,1.5,8000,14454
221,464,32.8020933,35.0756636,772,2.0,1.5,8000,14454
222,71,32.80872107036047,35.06727563794586,4,4.0,1.5,40000,14142
223,350,31.6871427,35.0005348,375,2.0,1.0,8000,14132
224,208,31.6893806,34.9452136,38,1.8,1.5,14000,14118
225,245,32.40955294762806,34.90655238605616,9,1.5,2.0,13000,13929
226,385,32.789671,35.0771117,772,2.0,1.5,8000,13499
227,585,33.110978447537455,35.52242310932507,899,4.0,1.5,3500,13140
228,219,31.684019519913033,34.946971123456066,38,1.8,1.5,14000,13139
229,439,33.0934847,35.5508057,886,4.0,1.0,8000,13052
230,584,33.05654783891944,35.34287806267837,899,4.0,1.5,3500,12907
231,448,31.67995201007523,34.89796857432471,353,2.0,1.0,8000,12891
232,582,33.026102,35.4052075,899,4.0,1.5,3500,12689
233,189,32.76808105539662,35.225735699597045,79,1.8,1.5,18000,12438
234,203,32.921254,35.4199923,85,4.0,1.5,15000,12335
235,204,32.92215770048255,35.41759929800555,85,4.0,1.5,15000,12335
236,454,32.8474956,35.3374729,804,2.0,1.0,8000,12068
237,170,32.76225620002427,35.088862301533744,70,4.0,1.5,20000,11992
238,387,32.9370986,35.4334603,866,4.0,1.0,8000,11976
239,383,32.7597867,35.0777252,772,2.0,1.5,8000,11681
240,583,33.08541815558415,35.483716153476244,899,4.0,1.5,3500,11580
241,388,32.983253,35.443643,866,4.0,1.0,8000,11561
242,173,32.76640312402676,35.24830307087988,77,1.8,1.5,19000,11426
243,485,32.9373473,35.4378281,866,4.0,1.0,8000,11328
244,509,33.062939925129015,35.50490748877646,886,4.0,1.0,8000,11300
245,473,32.765842956162444,35.052788369673166,752,1.8,1.5,8000,11049
246,524,32.767842633999415,35.05111659739909,752,1.8,1.5,8000,11049
247,279,33.0201903,35.4392595,89,4.0,1.5,9000,10770
248,85,32.80622220584033,35.01480501759874,22,1.5,1.5,35000,10648
249,252,31.66082344998263,34.640626944562364,35,1.8,1.5,11000,10606
250,172,32.77303369992547,35.28043871188423,77,1.8,1.5,19000,10601
251,222,32.4136019,35.0084359,9,1.5,2.0,13000,10534
252,369,33.0973844,35.6429834,918,4.0,1.5,8000,10512
253,214,32.74534228404676,35.08033188101299,75,1.8,1.5,14000,10462
254,65,32.43830784690472,34.91049922624896,4,1.8,1.5,40000,10434
255,373,32.4159165,35.0084638,581,2.0,1.0,8000,10162
256,550,32.8605588,35.3765609,805,2.5,1.0,8000,10137
257,250,31.6657774,34.6065467,35,1.8,1.5,11000,9893
258,586,33.054920049060726,35.46495633279518,899,4.0,1.5,3500,9832
259,522,32.723711,35.0586133,672,2.0,1.5,8000,9817
260,459,32.7390249,35.136761,762,2.0,1.5,8000,9753
261,389,33.0177092,35.4764103,886,4.0,1.0,8000,9670
262,443,32.758697347315945,35.02100869044145,672,2.0,1.5,8000,9167
263,363,32.696607,35.0528403,672,2.0,1.5,8000,9044
264,401,32.69698,35.0543826,672,2.0,1.5,8000,9044
265,176,32.725796568024236,35.20244359794104,77,1.8,1.5,19000,8906
266,312,33.04373973440026,35.571714135322544,90,4.0,1.5,9000,8825
267,216,32.7215081,35.1121331,75,1.8,1.5,14000,8813
268,360,32.6928816,35.0478759,672,2.0,1.5,8000,8730
269,106,32.44711536041167,34.954520139572736,65,1.8,1.5,24000,8675
270,541,32.79078481281026,35.00092372128914,23,1.8,1.5,8000,8664
271,423,32.8811694,35.4255189,807,2.5,1.0,8000,8491
272,567,31.652324,34.6632875,232,2.0,1.0,7000,8219
273,295,32.988479326258144,35.483808600614175,89,4.0,1.5,9000,8056
274,218,32.70578166702114,35.17466798808816,75,1.8,1.5,14000,7988
275,29,32.700316530235845,35.101522767258984,6,1.5,1.5,48000,7740
276,498,32.7898775,34.9867424,672,2.0,1.5,8000,7704
277,321,32.9899741,35.562177,91,4.0,1.5,8000,7556
278,283,32.9666929831624,35.549604799785044,90,4.0,1.5,9000,7556
279,289,32.98824950584347,35.560438252384834,90,4.0,1.5,9000,7556
280,300,33.03371876732018,35.57236986023387,90,4.0,1.5,9000,7531
281,120,32.454341169096324,34.94074634177138,65,1.8,1.5,24000,7479
282,411,32.8079408,34.977305,672,2.0,1.5,8000,7391
283,538,31.61153220757528,34.70348301062444,352,2.0,1.0,8000,7366
284,186,32.731838365110754,35.27113551715458,79,1.8,1.5,18000,7280
285,494,32.8390937,35.3979735,806,2.5,1.5,8000,7188
286,526,32.813569,34.9668909,672,2.0,1.5,8000,7077
287,514,32.6789176814908,35.11712096578999,722,2.0,1.5,8000,7032
288,221,32.69408527005533,35.224480467862676,75,1.8,1.5,14000,7002
289,357,32.7298222,35.2841425,700,2.0,1.0,8000,6653
290,47,32.7941858,34.9608643,4,1.8,1.5,40000,6634
291,268,32.9522321,35.5376741,89,4.0,1.5,9000,6589
292,515,32.4605324,34.9855091,652,2.0,1.5,8000,6456
293,362,32.6802781,35.0643452,672,2.0,1.5,8000,6408
294,403,32.6742188,35.1075465,66,1.8,1.0,8000,6376
295,58,32.45512315572754,34.90716127092982,4,1.8,1.5,40000,6200
296,207,32.91129402036175,35.47879794579771,85,4.0,1.5,15000,5928
297,14,32.46220464453885,34.89597483520745,2,1.5,2.0,75000,5801
298,12,32.77177235936389,34.955176455624226,2,1.5,2.0,75000,5637
299,390,32.8096046,35.398027,785,2.5,1.0,8000,5564
300,393,32.7603682,35.3457548,754,2.0,1.5,8000,5496
301,114,32.85906183180816,35.45390879492908,65,4.0,1.5,24000,5481
302,115,32.85842558621764,35.45361105946824,65,4.0,1.5,24000,5481
303,60,32.72549547105951,34.96620748813075,4,1.8,1.5,40000,5154
304,428,32.7141003,34.970596,721,2.0,1.5,8000,5154
305,493,33.0136403,35.622721,918,4.0,1.5,8000,5131
306,542,33.01361003173228,35.62435994067607,91,4.0,1.5,8000,5131
307,431,32.47906357685985,34.95469624151248,651,2.0,1.5,8000,4947
308,201,32.9137221,35.5428973,85,4.0,1.5,15000,4934
309,305,32.91246570140082,35.54497445569641,90,4.0,1.5,9000,4934
310,573,31.58308332733476,34.646713870675626,232,2.0,1.0,7000,4818
311,52,32.7041149,34.9692594,4,1.8,1.5,40000,4808
312,82,31.64417785662297,34.59254314244047,4,1.8,1.5,40000,4772
313,142,31.610438526142964,34.74960326199633,40,1.8,1.5,22000,4759
314,412,31.5687768,34.6433028,352,2.0,1.0,8000,4500
315,251,31.624377720982224,34.75972529865518,35,1.8,1.5,11000,4446
316,475,32.7161644,35.2989437,700,2.0,1.0,8000,4442
317,45,32.647697114184595,35.08238906727568,6,1.5,1.5,48000,4430
318,358,32.4864624,34.9024718,651,2.0,1.5,8000,4199
319,364,32.711291,34.9514904,721,2.0,1.5,8000,4186
320,17,32.71843229081725,34.94843853616225,2,1.5,2.0,75000,4186
321,313,31.58664298964033,34.566040750888796,34,4.0,1.5,8500,4111
322,59,31.587104443457168,34.5620621088933,4,1.8,1.5,40000,4111
323,318,32.6737335,35.2217993,73,1.8,1.5,8000,4105
324,535,32.4673694,35.019543,574,2.0,1.5,8000,4099
325,49,31.5689799,34.5500762,4,4.0,1.5,40000,3836
326,18,32.500837515438455,34.9157576815396,2,1.5,2.0,75000,3737
327,519,32.96874579290098,35.638287991665884,888,4.0,1.0,8000,3727
328,530,31.628935536252122,34.84566771580291,353,2.0,1.0,8000,3609
329,254,31.6111524,34.9032578,35,1.8,1.5,11000,3387
330,31,32.478343070632405,35.03677938001912,6,1.5,1.5,48000,3372
331,481,32.510771,34.9570687,652,2.0,1.5,8000,3368
332,175,32.76467082555134,35.376711397425666,77,1.8,1.5,19000,3331
333,502,32.851765451617695,35.480685119013465,807,2.5,1.0,8000,3229
334,212,32.68048437079212,35.26942005942925,75,1.8,1.5,14000,3193
335,213,32.683637490149714,35.27557472859578,75,1.8,1.5,14000,3193
336,356,32.7116404,35.3068315,754,2.0,1.5,8000,3168
337,497,32.63672,35.0642675,672,2.0,1.5,8000,3150
338,537,32.6360757,35.0658454,672,2.0,1.5,8000,3150
339,418,32.904196,35.6337948,888,4.0,1.0,8000,3093
340,255,32.8374614,35.5105455,90,4.0,1.5,9000,2920
341,451,33.0248833,35.6728782,91,4.0,1.5,8000,2914
342,316,32.6613724,35.2390928,73,1.8,1.5,8000,2847
343,557,31.5352332,34.6138396,232,4.0,1.0,7000,2638
344,510,32.88681225742244,35.58081878732756,87,4.0,1.0,8000,2428
345,558,31.5166416,34.5985756,232,4.0,1.0,7000,2329
346,335,31.5278914,34.6121482,334,2.0,1.0,8000,2329
347,365,32.5173003,34.9924648,654,2.0,1.0,8000,2289
348,249,31.5930005,34.9615292,35,1.8,1.5,11000,2093
349,559,31.4913796,34.5518516,232,4.0,1.0,7000,2015
350,314,31.50809856344461,34.586744396198206,34,4.0,1.5,8500,2015
351,570,31.5049002,34.5642247,232,4.0,1.0,7000,2015
352,248,31.5846626,34.8365962,35,1.8,1.5,11000,2013
353,37,31.559240322914764,34.80244102060744,6,1.5,1.5,48000,2013
354,253,31.5848635,34.8379581,35,1.8,1.5,11000,2013
355,343,31.4771954,34.930641,358,2.0,1.0,8000,1969
356,344,31.5361232,34.9185525,358,2.0,1.0,8000,1969
357,345,31.5383541,34.9057094,358,2.0,1.0,8000,1969
358,346,31.5388594,34.907025,358,2.0,1.0,8000,1969
359,352,31.4791883,34.9530539,354,2.0,1.0,8000,1969
360,534,31.5361029,34.9201667,358,2.0,1.0,8000,1969
361,544,31.4164163,34.9357382,354,2.0,1.0,8000,1969
362,317,32.6610422,35.2596155,73,1.8,1.5,8000,1926
363,44,31.37830599585544,34.821092040794596,6,1.5,1.5,48000,1854
364,33,31.31769096250134,34.891463357154294,6,1.5,1.5,48000,1853
365,197,31.297868813801255,34.88736027254996,60,1.8,2.0,16000,1853
366,404,31.3712951,34.7830747,310,2.0,1.5,8000,1529
367,138,31.338370509352035,34.78876176577608,40,1.8,1.5,22000,1529
368,500,31.3740879,34.8046907,310,2.0,1.5,8000,1529
369,562,31.2005516,34.9164779,25,1.8,1.5,7000,1508
370,193,31.244126770887476,34.80751597426905,60,1.8,2.0,16000,1508
371,141,31.245662790889707,34.82904325742725,40,1.8,1.5,22000,1508
372,145,31.12894904161602,34.80901919771263,40,1.8,1.5,22000,1508
373,238,31.21740737149444,34.80488009217176,406,2.0,2.0,13000,1508
374,568,31.2294326,34.8090153,25,1.8,1.5,7000,1508
375,577,31.2925987,34.9227669,31,1.8,1.5,6500,1508
376,578,31.2916455,34.9239196,31,1.8,1.5,6500,1508
377,244,31.263171775884203,34.79811208658041,406,2.0,2.0,13000,1508
378,155,31.282470598694584,34.82577346382696,40,1.8,1.5,22000,1508
379,574,31.218108867475035,34.865293547754824,25,1.8,1.5,7000,1508
380,247,31.269129879792988,34.798103442591575,406,2.0,2.0,13000,1508
381,199,31.245068672956855,34.8049135713969,60,1.8,2.0,16000,1508
382,107,32.76605660839982,35.40872790510802,65,4.0,1.5,24000,1455
383,28,31.57875482471124,34.80740388919948,6,1.5,1.5,48000,1359
384,8,32.66828897510452,34.93734095205944,2,1.5,2.0,75000,1277
385,361,32.6117197,35.0837375,672,2.0,1.5,8000,1264
386,53,32.54086318464,34.9310768613284,4,1.8,1.5,40000,1206
387,483,31.49690580570475,34.68571696181941,334,2.0,1.0,8000,1199
388,561,31.3182746734047,34.70232857193643,25,1.8,1.5,7000,1184
389,228,31.311015,34.7883396,406,2.0,2.0,13000,1184
390,566,31.276422013935097,34.73490953852222,25,1.8,1.5,7000,1184
391,460,31.33179793170028,34.69960521629294,264,2.0,1.5,8000,1184
392,154,31.31376735313169,34.78783164893118,40,1.8,1.5,22000,1184
393,521,31.342003577691028,34.72371974711232,310,2.0,1.5,8000,1184
394,571,31.25975389213406,34.755658535570724,25,1.8,1.5,7000,1184
395,323,32.8819034,35.6600955,92,2.5,1.0,8000,1182
396,440,32.8831442,35.6607189,92,4.0,1.0,8000,1182
397,555,31.4458355,34.5707134,25,4.0,1.5,7000,1173
398,556,31.4505483,34.559437,25,4.0,1.5,7000,1173
399,315,31.45197816987135,34.59994931416157,34,4.0,1.5,8500,1173
400,153,31.537234500188532,34.76672553033462,40,1.8,1.5,22000,1157
401,470,31.3865175,34.8777943,358,2.0,1.0,8000,999
402,486,31.3832276,34.8778612,358,2.0,1.0,8000,999
403,198,32.663310496017544,35.292608600133015,60,1.8,2.0,16000,974
404,66,32.6406950713602,34.95851936500162,4,1.8,1.5,40000,940
405,366,32.5442755,34.9669331,654,2.0,1.0,8000,846
406,399,32.5543055,34.9570855,652,2.0,1.5,8000,846
407,10,32.544954169476725,34.91657069071304,2,1.5,2.0,75000,846
408,69,32.549021174240934,34.931626299034235,4,1.8,1.5,40000,846
409,99,32.7598012,35.4114261,65,2.5,1.5,24000,821
410,102,32.7608424,35.4113148,65,2.5,1.5,24000,821
411,437,31.4161088,34.6084891,293,4.0,1.5,8000,727
412,261,31.2011988,35.3599487,90,1.8,1.5,9000,697
413,386,32.5286447,35.3721164,667,2.0,1.0,8000,692
414,449,32.54162011898508,35.43778374333994,71,1.8,1.5,8000,692
415,466,32.5864007,35.4354138,717,2.5,1.0,8000,692
416,540,32.55678761226932,35.37694012842403,71,1.8,1.5,8000,692
417,396,31.4231289,34.7867766,325,2.0,1.0,8000,670
418,196,32.65708166095325,35.29228309112994,60,1.8,2.0,16000,657
419,480,32.6098752,35.0411061,67,1.8,1.5,8000,630
420,482,32.6102244,35.0401181,67,1.8,1.5,8000,630
421,264,32.8008556,35.5319811,90,2.5,1.5,9000,475
422,355,32.7860827,35.4949869,768,2.5,1.5,8000,475
423,171,32.787343092277055,35.506729299851926,77,1.8,1.5,19000,475
424,174,32.78096635472301,35.438364935587146,77,1.8,1.5,19000,475
425,539,32.7722263,35.5055496,768,2.5,1.5,8000,475
426,506,31.435491805197728,34.678240143674586,293,4.0,1.5,8000,364
427,565,31.385603658904156,34.61437523234461,25,1.8,1.5,7000,363
428,569,31.374473681557888,34.61881646874387,25,1.8,1.5,7000,363
429,119,32.49797183077475,35.064337264902186,65,1.8,1.5,24000,362
430,97,32.7023605,35.4120296,65,2.5,1.5,24000,346
431,98,32.6885247,35.4195446,65,2.5,1.5,24000,346
432,353,32.7036002,35.5063129,767,2.5,1.0,8000,346
433,382,32.6029064,35.2789257,671,2.0,1.5,8000,346
434,391,32.6487325,35.3735597,716,2.5,1.0,8000,346
435,103,32.6512247,35.3742555,65,1.8,1.5,24000,346
436,109,32.6784593,35.4121414,65,2.5,1.5,24000,346
437,421,32.6064533,35.3029476,71,1.8,1.5,8000,346
438,472,32.6989948,35.430739,767,2.5,1.0,8000,346
439,195,32.5907365,35.2921049,60,1.8,2.0,16000,346
440,118,32.60773777052835,35.26711683839673,65,1.8,1.5,24000,346
441,511,32.557958945458175,35.319007052128164,675,2.0,1.5,8000,346
442,126,32.638283841039915,35.333800002834494,65,1.8,1.5,24000,346
443,342,31.4422211,34.7659992,293,2.0,1.5,8000,345
444,351,31.4420532,34.7635144,264,2.0,1.5,8000,345
445,132,31.4020677,34.7887922,40,1.8,1.5,22000,345
446,419,31.4420083,34.7636335,264,2.0,1.5,8000,345
447,422,31.4427684,34.7337677,334,2.0,1.0,8000,345
448,194,31.3376222,34.928846,60,1.8,2.0,16000,345
449,39,31.454611180283464,34.770150508760395,6,1.5,1.5,48000,345
450,41,31.44884110729238,34.77078193442523,6,1.5,1.5,48000,345
451,128,30.621936,34.8036424,40,2.0,1.5,22000,344
452,130,30.6237269,34.8039153,40,2.0,1.5,22000,344
453,131,30.6128734,34.8036623,40,2.0,1.5,22000,344
454,150,30.71894059955423,34.77792119700127,40,2.0,1.5,22000,344
455,152,30.585461821855386,34.89128042142932,40,2.0,1.5,22000,344
456,474,31.1466376,35.2202454,258,2.0,1.0,8000,339
457,579,31.1729599,35.311241,31,1.8,1.5,6500,339
458,148,31.11745446475783,34.81382675669847,40,1.8,1.5,22000,324
459,35,32.59754534503219,35.044429150649215,6,1.5,1.5,48000,317
460,461,32.59921495263283,35.167836922056836,66,1.8,1.0,8000,313
461,256,29.5602231,34.9579612,90,2.0,1.5,9000,0
462,257,32.7834105,35.5431339,90,2.5,1.5,9000,0
463,258,30.4476101,35.1542771,90,2.0,1.5,9000,0
464,259,32.7366195,35.5686553,90,2.5,1.5,9000,0
465,260,29.546927,34.9514673,90,2.0,1.5,9000,0
466,262,32.7669399,35.5506863,90,2.5,1.5,9000,0
467,263,32.7029973,35.5867464,90,2.5,1.5,9000,0
468,265,29.5086059,34.9212488,90,2.0,1.5,9000,0
469,266,30.7469017,35.2281927,90,2.0,1.5,9000,0
470,267,30.5324523,35.1834213,90,2.0,1.5,9000,0
471,127,30.2797061,35.0019826,40,2.0,1.5,22000,0
472,129,30.9885058,34.7653203,40,1.8,1.5,22000,0
473,94,31.1516406,35.5305192,65,2.5,1.5,24000,0
474,95,31.2862775,35.5325532,65,2.5,1.5,24000,0
475,96,30.8991678,35.4300919,65,2.0,1.5,24000,0
476,100,31.0892598,35.5160608,65,2.5,1.5,24000,0
477,101,29.7762885,35.0577781,65,2.0,1.5,24000,0
478,319,32.5876584,34.9305087,67,1.8,1.5,8000,0
479,192,32.5140128,35.3111461,60,1.8,2.0,16000,0
480,320,29.5476525,34.9424933,12,2.0,1.5,8000,0
481,322,32.729458,35.6551484,98,2.5,1.0,8000,0
482,324,32.7822561,35.6408127,92,2.5,1.0,8000,0
483,576,31.1414551,35.3599218,31,1.8,1.5,6500,0
484,326,30.984236,34.9374605,225,2.0,1.5,8000,0
485,327,31.0428966,35.2003634,258,2.0,1.0,8000,0
486,328,31.0104897,34.7799954,222,2.0,1.5,8000,0
487,329,30.8140675,35.24859,227,2.0,1.0,8000,0
488,330,30.8811699,34.4019028,211,4.0,1.5,8000,0
489,331,30.9935368,34.9168297,224,2.0,1.0,8000,0
490,339,31.3214378,34.6158896,241,4.0,1.5,8000,0
491,340,31.3163123,34.5942241,241,4.0,1.5,8000,0
492,354,32.742152,35.5406357,768,2.5,1.5,8000,0
493,359,32.5723367,34.9604533,652,2.0,1.5,8000,0
494,392,29.554067,34.92701,12,2.0,1.5,8000,0
495,395,30.8917898,34.4229636,211,4.0,1.5,8000,0
496,133,29.9899809,35.0764847,40,2.0,1.5,22000,0
497,269,30.142486,35.1336903,90,2.0,1.5,9000,0
498,398,30.9144525,35.0175839,206,2.0,1.0,8000,0
499,271,30.109186633536908,35.14451140908055,90,2.0,1.5,9000,0
500,104,30.3427029,35.238117,65,2.0,1.5,24000,0
501,400,31.067061,35.0058221,204,2.0,1.5,8000,0
502,272,30.86243649684942,35.263034320241104,90,1.8,1.5,9000,0
503,134,31.025289683628895,34.79538045213436,40,1.8,1.5,22000,0
504,135,30.3275697680498,34.954401313249235,40,2.0,1.5,22000,0
505,407,29.846143428153304,34.838904445459825,12,2.0,1.5,8000,0
506,274,29.860936580367387,35.03428571784016,90,2.0,1.5,9000,0
507,275,30.4107778,35.1523349,90,2.0,1.5,9000,0
508,276,30.6231587,35.1970828,90,2.0,1.5,9000,0
509,277,29.84322775344731,35.0276582876051,90,2.0,1.5,9000,0
510,105,30.632404071726963,35.282740087906866,65,2.0,1.5,24000,0
511,416,30.9632972,35.0493427,227,2.0,1.0,8000,0
512,417,31.1867023,34.5534609,222,2.0,1.5,8000,0
513,563,31.034192071772722,35.2320493663156,25,1.8,1.5,7000,0
514,108,30.9418466,35.4546048,65,2.5,1.5,24000,0
515,137,30.82021663654047,34.75359102815644,40,2.0,1.5,22000,0
516,564,31.068289,35.0066052,25,1.8,1.5,7000,0
517,278,30.8602325,35.2626065,90,2.0,1.5,9000,0
518,139,30.160367908390523,35.017845357519946,40,2.0,1.5,22000,0
519,110,32.550223592728685,35.163497471606,65,1.8,1.5,24000,0
520,426,32.8209186,35.6824261,789,2.5,1.5,8000,0
521,140,30.510106877524088,34.94049845333824,40,2.0,1.5,22000,0
522,427,30.957220620694518,34.61477075413093,211,4.0,1.5,8000,0
523,280,31.047427782391384,35.37777315492016,90,1.8,1.5,9000,0
524,430,29.991006315506095,34.93850655123118,12,2.0,1.5,8000,0
525,432,29.68388099347806,34.86272769913887,12,2.0,1.5,8000,0
526,433,32.5738469,35.249339,675,2.0,1.5,8000,0
527,438,30.938366602065376,34.871504389250745,204,2.0,1.5,8000,0
528,442,30.9460466,35.0392117,225,2.0,1.5,8000,0
529,282,30.265252001843596,35.13613752463224,90,2.0,1.5,9000,0
530,284,30.002021851920848,35.08569633326174,90,2.0,1.5,9000,0
531,285,29.708686177928165,34.99795177605668,90,2.0,1.5,9000,0
532,286,29.97909111547766,35.069030579060104,90,2.0,1.5,9000,0
533,287,30.515681421122455,35.1811640850645,90,2.0,1.5,9000,0
534,288,29.69914151464628,34.99472173030506,90,2.0,1.5,9000,0
535,111,30.772303057095492,35.35038802097892,65,2.0,1.5,24000,0
536,112,30.48408145082242,35.28928091344314,65,2.0,1.5,24000,0
537,113,32.512814310999694,35.11791740824488,65,1.8,1.5,24000,0
538,457,30.898765780385116,35.1316934981915,227,2.0,1.0,8000,0
539,458,31.096541829250846,34.66912674091513,222,2.0,1.5,8000,0
540,291,30.96421710153566,35.30403477891119,90,1.8,1.5,9000,0
541,144,30.913333183154688,34.77768369632475,40,1.8,1.5,22000,0
542,292,30.6423837,35.2070128,90,2.0,1.5,9000,0
543,116,31.05326264283449,35.47566625975872,65,2.5,1.5,24000,0
544,146,30.048750786943266,35.014245345777475,40,2.0,1.5,22000,0
545,467,30.279350061304307,35.05158822378362,13,2.0,1.5,8000,0
546,471,30.9869283,34.9314877,225,2.0,1.5,8000,0
547,294,30.76447448313039,35.23383933626514,90,2.0,1.5,9000,0
548,476,31.013997594266343,35.080091426027465,206,2.0,1.0,8000,0
549,477,32.5563695,35.0787501,672,2.0,1.5,8000,0
550,117,29.6740759,35.0298542,65,2.0,1.5,24000,0
551,478,31.06099604742642,34.852700279498265,224,2.0,1.0,8000,0
552,151,30.42086718828618,34.942554757015664,40,2.0,1.5,22000,0
553,296,31.133283642659787,35.38617323675902,90,1.8,1.5,9000,0
554,488,30.913703282688395,34.52660874843474,211,4.0,1.5,8000,0
555,489,30.96207591814279,34.71125008064797,211,4.0,1.5,8000,0
556,491,32.77182924554602,35.640502857124176,92,2.5,1.0,8000,0
557,499,29.921327872163786,34.886724157888544,12,2.0,1.5,8000,0
558,501,29.767470999348706,34.8656393866876,12,2.0,1.5,8000,0
559,504,29.606634665126016,34.8730654418464,12,2.0,1.5,8000,0
560,121,31.1982131,35.5287257,65,2.5,1.5,24000,0
561,297,30.18492183335422,35.13480428959248,90,2.0,1.5,9000,0
562,299,30.338218523807505,35.16148497977118,90,2.0,1.5,9000,0
563,513,30.958964882573447,34.985384784049835,225,2.0,1.5,8000,0
564,15,32.6064522698517,34.9270730095337,2,1.5,2.0,75000,0
565,301,29.783126985572505,35.018498097482095,90,2.0,1.5,9000,0
566,302,29.63342629626606,34.98857946574959,90,2.0,1.5,9000,0
567,303,29.93160454080028,35.06137899171489,90,2.0,1.5,9000,0
568,304,30.071963659931498,35.128977360402,90,2.0,1.5,9000,0
569,518,32.5506552,35.2021934,66,1.8,1.0,8000,0
570,306,30.58724795763475,35.19104387894819,90,2.0,1.5,9000,0
571,307,29.768963886949173,35.015191308815716,90,2.0,1.5,9000,0
572,308,29.628020317668767,34.987833201617406,90,2.0,1.5,9000,0
573,309,29.908430255926174,35.06394611767127,90,2.0,1.5,9000,0
574,310,30.04598756442817,35.10698794702316,90,2.0,1.5,9000,0
575,311,30.44851989040174,35.15524127587597,90,2.0,1.5,9000,0
576,122,30.70824570487492,35.303539338683244,65,2.0,1.5,24000,0
577,123,30.410366306752174,35.278898262309156,65,2.0,1.5,24000,0
578,124,30.840461873060697,35.39358586872627,65,2.0,1.5,24000,0
579,125,30.5576821574568,35.26318788354695,65,2.0,1.5,24000,0
580,543,31.01279126779241,34.95834880168009,204,2.0,1.5,8000,0
581,157,30.229904611170276,35.01771578536191,40,2.0,1.5,22000,0
582,572,31.03831453987053,35.15063926464105,25,1.8,1.5,7000,0
583,43,32.538594068464114,35.02841272041923,6,1.5,1.5,48000,0
584,81,32.5961488,34.9494971,4,1.8,1.5,40000,0
585,553,32.7364401,35.5402596,768,2.5,1.5,8000,0
586,554,32.7689197,35.692891,98,2.5,1.0,8000,0
